id,title,author,category,subcategory,description,keywords,difficulty,call_number,year,toc,availability,location,source
1,Human rights education for criminal justice,"Rago, Arnold G.; Andreo-Blancafor, Charlene",Criminology,Human Rights and Criminal Justice,"A Philippine-focused textbook that introduces human rights education in relation to criminal justice. It discusses the nature and history of human rights, human rights education, theories concerning their sources and development, the Universal Declaration of Human Rights, obligations of government and non-state actors, the Philippine legal framework on human rights, constitutional rights under the Philippine Bill of Rights, and statutory rights. The book is designed for students and practitioners in criminology and criminal justice.","human rights,human rights education,criminal justice,criminology,criminal justice education,human rights law,philippine human rights,universal declaration of human rights,human rights obligations,government obligations,state actors,non-state actors,philippine constitution,bill of rights,constitutional rights,statutory rights,human rights protection,human rights research,criminal justice administration",intermediate,HV 9950 R1 2022,2022,,available,on the shelf,NWU ERC OPAC
2,Practical guide in doing qualitative criminological research,"Ablaza, Virgilio C",Criminology,Criminological Research / Qualitative Research Methods,"A practical research guide designed to help criminology students and beginning researchers understand and apply qualitative research methods. The book focuses on qualitative techniques in criminology and provides guidance for conducting research that explores experiences, perspectives, behaviors, and social issues in depth. It was developed partly to address the limited availability of locally focused qualitative criminological research materials in the Philippines.","qualitative research,criminological research,criminology research methods,research methodology,qualitative methods,qualitative techniques,research design,data collection,interviews,observation,participants,research analysis,qualitative data analysis,research ethics,criminology,criminal justice research,philippine criminology,research undertaking,novice researchers,thesis research",intermediate,HV 6024.5 A2 2022,2022,,available,on the shelf,NWU ERC OPAC
3,Theories of Crime Causation,"Domingo, Shirley S.",Criminology,Crime Causation / Criminological Theories,"A foundational criminology textbook that examines the causes and origins of criminal behavior through different theoretical perspectives. It introduces the causes of crime, major theories of crime, theories of victimization, and explanations of crime causation. The book has a particular focus on theories applicable to contemporary local contexts and is intended primarily for first-year criminology students and those studying allied law-enforcement fields.","crime causation,criminology,theories of crime,criminological theories,causes of crime,criminal behavior,crime theories,victimization,theories of victimization,crime causation explanation,criminal justice,criminological perspectives,crime and criminals,biological causes of crime,sociological causes of crime,philippine criminology,law enforcement,criminology education",intermediate,HV 6025 D6 2020,2020/1ST ED./,,available,on the shelf,NWU ERC OPAC
4,Introduction to criminology and psychology of crimes,"Leyaley, Julienne Sacbayen",Criminology,Introduction to Criminology / Criminal Psychology,"A foundational textbook for the study of criminology and criminal psychology. It introduces the concepts and origins of crime, major theories of crime, factors affecting the development and existence of crime, criminalistics, criminal psychology, juvenile delinquency, modern crimes, victimology, and fundamental criminal law. The book is designed as a localized instructional resource for criminology students in the Philippines.","criminology,introduction to criminology,crime,criminal behavior,theories of crime,crime causation,criminal psychology,criminalistics,juvenile delinquency,modern crimes,victimology,criminal law,crime prevention,criminal justice,criminology education,philippine criminology,criminal behavior analysis,crime studies",intermediate,HV 6025 L4 2021,2021,,available,on the shelf,NWU ERC OPAC
5,Research methods for criminal justice and criminology : a text and reader,"Tartaro, Christine",Criminology,Criminal Justice Research Methods,"A comprehensive research-methods textbook designed for undergraduate and graduate students in criminal justice, criminology, and related fields. It explains research ethics, research design, causation, operationalization and measurement, sampling, surveys and interviews, field research, existing-data methods, validity and reliability, policy analysis, and program evaluation. It combines instructional material with examples from published criminal justice and criminology research to help students understand how research methods are applied in practice.","criminal justice research,criminological research,research methods,research methodology,criminology,research design,research ethics,causation,experimental design,quasi-experimental design,longitudinal research,cross-sectional research,measurement,validity,reliability,sampling,surveys,interviews,field research,qualitative research,quantitative research,data collection,ucr,nibrs,ncvs,policy analysis,program evaluation,crime research,criminal justice administration",advanced,HV7419.5 T8 2021,2021,"Introduction to Criminal Justice Research, Reading and Reviewing Research, Ethics in Criminal Justice Research, Causation and Research Design, Conceptualization and Measurement, Sampling Techniques and Principles, Survey Research and Questionnaire Design, Field Research and Qualitative Methods, Secondary Data Analysis and Official Statistics, Evaluation Research and Policy Analysis",available,portal,NWU ERC OPAC
6,Encyclopedia of criminology and criminal justice,"Bruinsma, Gerben; Weisburd, David",Criminology,Criminology and Criminal Justice Reference,"A comprehensive international reference work covering the major fields of criminology and criminal justice. The encyclopedia provides systematic coverage of established research and emerging trends through approximately 600 entries contributed by specialists. It covers crime, criminal behavior, victims, criminal justice institutions, policing, corrections, forensic science, criminological methods and statistics, psychology of law, and crime prevention. The work is organized alphabetically and is intended primarily as a research and reference resource for criminology, criminal justice, and related social and behavioral sciences.","criminology,criminal justice,criminological theory,criminal behavior,crime,criminals,victims,victimology,corrections,community supervision,courts,sentencing,judicial system,crime places,environmental criminology,forensic science,criminological research,research methods,statistics,policing,law enforcement,psychology of law,crime prevention,social interventions,criminal justice administration,crime analysis,criminal justice research",advanced,R HV 6017 E5 2014,2014,"Theories of Crime and Criminal Behavior, Crime Types and Criminal Offending, Policing and Law Enforcement, Courts and Sentencing, Corrections and Penology, Crime Prevention and Control, Research Methods and Measurement in Criminology, Victimology and Victim Rights, Juvenile Justice and Delinquency, Comparative and International Criminal Justice",available,portal,NWU ERC OPAC
7,Handbook in introduction to criminology,"Duno, Joenard Contreras; Dausan, Alrien Francisco; Pangan, Mark John Nemeses",Criminology,Criminology and Criminal Justice Reference,"A comprehensive international reference work covering the major fields of criminology and criminal justice. The encyclopedia contains approximately 600 substantive entries contributed by specialists and organized alphabetically. It covers crime and criminal behavior, victims, corrections, courts and sentencing, crime places and situations, criminological theories, forensic science, research methods and statistics, policing, psychology of law, and crime prevention and social interventions. It is intended primarily as a research and reference resource for criminology, criminal justice, and related social and behavioral sciences.","criminology,criminal justice,criminological theory,criminal behavior,crime,criminals,victims,victimology,corrections,community supervision,courts,sentencing,judicial system,crime places,environmental criminology,forensic science,criminological research,research methods,statistics,policing,law enforcement,psychology of law,crime prevention,social interventions,criminal justice administration,crime analysis,criminal justice research",advanced,HV 6025 D8 2023,2023,,available,on the shelf,NWU ERC OPAC
8,Criminology research and statistics,"Foronda, Mercedes A.",Criminology,Criminological Research and Statistics,"A practical reference and textbook for criminology students studying research methodology and statistics. It introduces the nature, purposes, classification, and scientific method of research; explains research methods and research design; discusses descriptive and experimental research; and provides guidance for developing research problems, hypotheses, literature reviews, methodologies, data analysis, conclusions, and recommendations. It also covers the preparation of research papers, theses, and dissertations.","criminological research,criminology research,research methodology,criminal statistics,research methods,scientific method,research design,descriptive research,experimental research,historical research,research problem,research topic,hypothesis,variables,data collection,data analysis,research report,term paper,thesis writing,dissertation,literature review,methodology,descriptive statistics,criminology",intermediate,HV 6024.5 F6 2020,2020,,available,on the shelf,NWU ERC OPAC
9,Green criminology : a means to understand environmental crimes,"Garcia, Mario A.",Criminology,Green Criminology / Environmental Crime,"A criminology text focused on the study of environmental crimes and their relationship to environmental justice. It introduces green criminology as a field concerned with environmental harm, offenses against the environment, and the social, legal, and criminological dimensions of environmental wrongdoing. The book is particularly relevant to criminology students studying environmental offenses and contemporary approaches to crime and justice.","green criminology,environmental criminology,environmental crime,environmental offenses,environmental justice,environmental harm,environmental protection,environmental law,ecological crime,environmental victimization,environmental offenders,crime against the environment,environmental regulation,environmental security,criminology,philippine criminology,environmental protection laws",intermediate,HV 6401 G3 2022,2022,,available,on the shelf,NWU ERC OPAC
10,Technocrime and criminological theory,"Steinmetz, Kevin F. ; Nobles, Matt R.",Criminology,Cybercrime and Criminological Theory,"This edited book examines technocrime—including cybercrime, computer crime, and Internet crime—through major criminological theories. It discusses feminist theory, routine activity theory, differential association and social learning theories, strain theory, symbolic interactionism, radical criminology, cultural criminology, and postmodern criminology in relation to technology-related crime and victimization.","technocrime,cybercrime,computer crime,internet crime,criminological theory,feminist criminology,routine activity theory,differential association theory,social learning theory,strain theory,symbolic interactionism,radical criminology,cultural criminology,postmodern criminology,cybersecurity,technology and crime,crime and victimization,swating",advanced,HV6773 T4 2018,2018,"Introduction; Feminist Theory and Technocrime: Examining Gender Violence in Contemporary Society; Routine Activity Theory and Cybercrime: A Theoretical Appraisal and Literature Review; Differential Association Theory, Social Learning Theory, and Technocrime; Technocrime and Strain Theory; Symbolic Interactionism and Technocrime: SWATing as Episodic and Agentic; Radical Criminology and the Techno-Security-Capitalist Complex; Toward a Cultural Criminology of the Internet; Postmodern Criminology and Technocrime; Low Hanging Fruit: Rethinking Technology, Offending, and Victimization",available,portal,NWU ERC OPAC
11,Cyber criminology,"Jahankhani, Hamid.",Criminology,Cybercrime and Cyber Criminology,"This edited volume examines contemporary cyber criminology, including cybercrime and psychology, cyber threats, cybercrime detection, cyber victimization, digital evidence, and cybercrime prevention. It also explores criminological and psychological theories, cybersecurity, the Dark Web, cyber-attacks, crime data mining, and the role of education and awareness in reducing cybercrime victimization.","cyber criminology,cybercrime,computer crimes,cyber victimization,cyber threats,cybersecurity,cyber psychology,cyber aggression,cyberbullying,dark web,tor black markets,botnet detection,cybercrime detection,crime data mining,threat analysis,digital evidence,cybercrime prevention,cybersecurity awareness,data protection,cybercrime policing",advanced,HV6773 C9 2018,2018,"Policies, Innovative Self-Adaptive Techniques and Understanding Psychology of Cybersecurity to Counter Adversarial Attacks; The Dark Web and Anonymity; Cross-Border Cooperation and EU E-Evidence Frameworks; Policing in the Era of AI and Smart Societies; Behavioural Analytics for Cyber Crime Prevention; Digital Forensics Education and Awareness; Sexual Offenses against Children on the Dark Web; Cyber Victimology and Profiling Typologies",available,portal,NWU ERC OPAC
12,"Crime, criminal justice, and the evolving science of criminology in South Asia: India, Pakistan, and Bangladesh","Shahidullah, Shahid M.",criminology,Comparative Criminology and Criminal Justice,"This edited volume examines the development of crime, criminal justice, and criminology in South Asia, particularly India, Pakistan, and Bangladesh. It considers the effects of modernization and globalization on criminal justice systems, the historical development of criminology, crime measurement, child abuse, online child sexual exploitation, juvenile justice, human trafficking, policing, domestic violence, rape law, and the development of academic criminology.","criminology,crime,criminal justice,south asia,india,pakistan,bangladesh,comparative criminology,crime measurement,crime classification,juvenile justice,child abuse,online child sexual abuse,human trafficking,policing,women in policing,domestic violence,violence against women,rape law,gender justice,criminal justice education,modernization,globalization",advanced,HV7085.3 C7 2017,2017,"Modernization Globalization and Emerging Challenges to Criminal Justice in South Asia, Crime and Justice in India: Trends and Dynamics, Criminal Justice and Legal Systems in Pakistan, Crime Control and Criminal Justice Administration in Bangladesh, Gender Violence and Legal Protections for Women, Juvenile Justice Systems and Youth Delinquency, Police Performance Reform and Accountability, Human Rights Judicial Activism and Penal Reform, The Growth and Evolution of Criminology as an Academic Discipline in South Asia",available,portal,NWU ERC OPAC
13,The Routledge international handbook of life-course criminology,"Blokland, A.A. J., & Van der Geest, V. (eds.)",criminology,Life-Course and Developmental Criminology,"This international handbook examines how criminal behavior develops and changes throughout the life course. It brings together theoretical and empirical research on criminal careers, the onset and continuation of offending, offending across different life stages, desistance from crime, and the effects of criminal justice interventions. The book uses both qualitative and quantitative research and includes studies from different countries and research traditions.","life-course criminology,developmental criminology,criminal careers,crime and age,criminal behavior,delinquency,crime onset,crime persistence,desistance,offending trajectories,criminal career patterns,crime specialization,adolescence,adulthood,intergenerational transmission of crime,substance abuse,recidivism,reincarceration,probation,imprisonment,criminal justice interventions,longitudinal research",advanced,HV 6163 R6 2017,2017,"Introduction to Life-Course Criminology, Theoretical Approaches to Criminal Careers and Developmental Trajectories, Methodological Issues and Longitudinal Designs, Biological and Psychological Development Across the Life-Course, Family Socialization and Intergenerational Transmission, Education Employment and Turning Points in Adulthood, Desistance and Re-entry, Comparative and Cross-National Life-Course Research, Policy and Intervention Implications",available,portal,NWU ERC OPAC
14,Criminology,"Conklin, John E.",criminology,General Criminology,"Criminology provides a comprehensive introduction to the study of crime, criminals, and the criminal justice system. It examines how crime is defined and measured, the costs and dimensions of crime, biological, psychological, social, cultural, and economic explanations of criminal behavior, criminal careers, organized criminal behavior, community responses, criminal justice institutions, punishment, rehabilitation, and approaches to reducing crime. Conklin uses a conceptual approach to connect different types of crime with major criminological theories and research methods.","criminology,crime,criminal behavior,criminals,crime measurement,crime statistics,crime causation,criminological theory,biological explanations,psychological explanations,social control,differential association,labeling theory,routine activities theory,criminal careers,organized crime,community crime prevention,criminal justice system,deterrence,incapacitation,retribution,rehabilitation,crime prevention",intermediate,HV 6025 C6 1986,1986/2nd ed./<N/D>,,available,on the shelf,NWU ERC OPAC
15,Fundamentals of criminology,"Eduardo, Jesster P. ; Panganoron, Carlito R., Jr.",criminology,Introduction to Criminology,"This textbook provides fundamental concepts and principles of criminology for criminology students. It introduces the major schools of thought in criminology, the relationship among criminology, criminal justice and criminalistics, sociology of law, theories explaining crime and criminal behavior, penology, punishment and rehabilitation, and victimology. It also includes discussions of crime prevention, victim protection, and the response of the criminal justice system to victims.","criminology,crime,criminal behavior,schools of criminological thought,criminal justice,criminalistics,sociology of law,criminal etiology,crime theories,crime causation,crime in the philippines,penology,punishment,imprisonment,rehabilitation,victimology,crime prevention,victim protection,criminal justice system",intermediate,HV 6025 E3 2015,2015,,available,on the shelf,NWU ERC OPAC
16,Theories of crime causation,"Badua, Jonah B.",criminology,Crime Causation and Criminological Theories,"This textbook examines major theories that explain the causes of crime and criminal behavior. It begins with traditional and classical explanations and progresses to positivist, biological, sociological, psychological, and critical perspectives. It also discusses theories concerning social disorganization, strain, subculture, social control, differential association, social learning, labeling, conflict, feminist criminology, rational choice, self-control, and other explanations of criminal behavior.","crime causation,criminological theory,crime and criminal behavior,traditional theories,demonological theory,classical theory,neoclassical theory,positivist theory,biological theories,sociological theories,psychological theories,social disorganization,strain theory,anomie theory,subculture theory,social control theory,differential association,social learning theory,labeling theory,conflict theory,marxist theory,feminist theory,rational choice theory,self-control theory,critical criminology",intermediate,HV 6025 B3 2019,2019,,available,on the shelf,NWU ERC OPAC
17,Theories of crime causation,"Sevilla- Arrieta, Daisyree, & Francisco-Dausan, Alrien",Criminology,Crime Causation and Criminological Theories,This textbook examines the different causes of delinquent and criminal behavior through theories drawn from various fields related to criminology. It discusses factors that influence decisions to commit crimes or antisocial acts and uses these theoretical perspectives to help explain criminal behavior and identify possible approaches to crime prevention.,"crime causation,criminology,criminal behavior,delinquency,crime theories,criminological theories,causes of crime,antisocial behavior,crime prevention,criminal behavior factors,criminal justice,criminological perspectives,delinquency studies,crime and society",intermediate,HV 6025 A7 2025,2025,,available,on the shelf,NWU ERC OPAC
18,Crime and society,"White, Rob",Criminology,Sociology of Crime / Crime and Society,"Crime and Society examines major forms of crime and their effects on society. It combines descriptive and analytical discussions of crime with attention to how criminal activity affects different social groups. The book covers property and violent crime, public-order offences, drugs, corporate and environmental crime, state crime, and the relationships between crime and social divisions such as class, gender, ethnicity, Indigenous status, age, and victimization.","crime and society,criminology,sociology of crime,crime and social harm,property crime,violent crime,public order offences,drugs and crime,corporate crime,environmental crime,state crime,class and crime,gender and crime,ethnicity and crime,indigenous people and crime,juvenile crime,victimization,social inequality,crime trends,crime prevention",intermediate,HV 6025 W5 2005,2005,,available,on the shelf,NWU ERC OPAC
19,Preventing Crime and Violence,"Brent Teasdale, Mindy S. Bradley (eds.)",Criminology,Crime Prevention and Violence Prevention,"This edited volume integrates criminological theory, prevention science, research methods, and empirical evidence to examine how crime and violence can be prevented. It covers theoretical explanations of crime, life-course development, research methodologies, evidence-based prevention programs, community and criminal justice interventions, and emerging directions in crime prevention.","crime prevention,violence prevention,criminology,criminal justice,prevention science,social learning theory,general strain theory,social control theory,self-control theory,social disorganization theory,routine activity theory,life-course criminology,crime research methods,crime intervention,community crime prevention,domestic violence prevention,situational crime prevention,hot spots policing,cpted,drug courts,prisoner reentry,prevention programs",advanced,HV 62 B7 2017,2017,Introduction to Crime and Violence Prevention; Developmental and Early Childhood Interventions; School-Based Violence Prevention Programs; Family-Focused Prevention Strategies; Community-Level Crime Prevention and CPTED; Focused Deterrence and Group Violence Reduction Strategies; Public Health Approaches to Violence Prevention; Correctional Interventions and Recidivism Prevention; Policy Implications and Future Directions in Crime Prevention,available,portal,NWU ERC OPAC
20,Comparative criminology in Asia,"Liu, Jianhong ; Travers, Max ; Chang, Lennon Yao-chung",Criminology,Comparative and Asian Criminology,"This edited volume examines comparative criminology in Asian contexts and the theoretical and methodological challenges of comparing Asian and Western approaches to crime and criminal justice. It includes discussions of Asian criminological perspectives, quantitative and qualitative research, criminal justice systems, juvenile delinquency, cybercrime, restorative justice, and comparative criminal justice policies. The book also considers whether criminological theories developed in Western contexts can be generalized to Asian societies and highlights the development of Asian criminology.","comparative criminology,asian criminology,criminal justice in asia,cross-cultural criminology,criminological theory,comparative research,asian values,crime and social change,criminal justice systems,quantitative criminology,qualitative research,juvenile delinquency,self-control theory,ethnography,desistance,cybercrime,cyber security,asean,restorative justice,death penalty,asian criminological perspectives",advanced,HV9960.A78 C6 2017,2017,"Introduction to Comparative Criminology in Asia, Asian Criminology and Southern Epistemologies, Methodological Challenges in Comparative Asian Research, Crime Trends and Patterns across Asian Societies, Comparative Policing and Law Enforcement, Juvenile Delinquency and Youth Justice in Asia, Corrections and Penal Policy in Asian Contexts, Cybercrime and Transnational Offending in Asia, Future Directions for Asian Criminological Paradigms",available,portal,NWU ERC OPAC
21,College of criminal justice education: research journal,"Badua, Jonah B., (Ed.)",Criminology,Criminal Justice Research / Criminology Research,"An academic research journal focusing on studies and scholarly works related to criminology, criminal justice administration, and criminal justice research. The journal may contain research addressing crime, criminal justice systems, law enforcement, corrections, criminological issues, and other topics relevant to criminal justice education and practice.","criminology,criminal justice,criminal justice administration,criminal justice research,criminological research,crime,law enforcement,corrections,criminal justice education,research studies,criminal justice system,crime prevention,criminological issues,academic research",advanced,R-CR B3 2025,2025,,available,portal,NWU ERC OPAC
22,Statistics for criminal justice and criminology,"Champion, Dean John; Hartlet, Richard D.",Criminology,Criminal Justice Research Methods / Statistics,"A statistical methods textbook designed for criminal justice and criminology research. It explains statistical concepts and procedures used in analyzing criminal justice and criminological data, including descriptive statistics, probability, statistical inference, hypothesis testing, measures of association, and multivariate statistical techniques. The book emphasizes the application of statistics within the research process.","criminal justice statistics,criminology statistics,research methodology,statistical analysis,descriptive statistics,spss,frequency distributions,central tendency,measures of variability,probability,statistical inference,hypothesis testing,nonparametric statistics,measures of association,multivariate statistics,multiple regression,criminal justice research,criminological research",advanced,HV 7419.5 C5 2010,2010/3rd ed./,,available,on the shelf,NWU ERC OPAC
23,Crime and criminality: a multidisciplinary approach,"Taylor, Sandie.",Criminology,Criminal Psychology and Criminal Behavior,"A multidisciplinary examination of crime and criminality drawing on criminology, sociology, psychology, and neuroscience. The book explores how crime is defined and classified, biological and social explanations of criminal behavior, different types of offenders, prediction and risk assessment, offender profiling, investigative processes, and the relationship between law and antisocial behavior.","criminology,criminal psychology,criminal behavior,criminality,crime,crime classification,biological explanations,evolutionary factors,social learning,developmental psychology,rational choice,white-collar crime,psychopathy,sex offenders,female offenders,juvenile delinquency,risk assessment,offender profiling,serial killers,eyewitness testimony,cognitive interview,confessions,criminal law,antisocial behavior",advanced,HV6080 T3 2016,2016,,available,portal,NWU ERC OPAC
24,"Contemporary sex offender risk management, Volume I: Perceptions","McCartan, Kieran",Criminology,Sex Offender Risk Management / Criminal Psychology,"An edited scholarly volume examining contemporary approaches to the perceptions and management of people who have committed sexual offenses. It explores how risk is understood and used by policymakers, criminal justice practitioners, researchers, and other stakeholders. Topics include the historical development of sex offender risk management, public health and prevention, public education, preventive sentencing, public perceptions and media representations, workforce resilience, and the role of third-sector organizations in managing serious offenders.","sex offender risk management,sexual offending,criminal psychology,criminology,criminal justice,risk assessment,risk management,sexual harm,public health,crime prevention,public education,preventive sentencing,criminal justice policy,media and crime,public perceptions,offender management,community protection,workforce resilience,serious offenders,public protection",advanced,HV 6080 M3 2017,2017,"Introduction: Setting the Scene on Sex Offender Risk Management, Public Perceptions and Misconceptions of Sexual Offending, Media Framing and the Construction of Risk, Practitioner Perspectives on Risk Assessment and Management, Policy Development and the Impact of Public Opinion, Community Notification and Public Protection, Offender Views on Supervision and Stigmatization, Conclusion: Moving Forward in Sex Offender Risk Management",available,portal,NWU ERC OPAC
25,Sovereign citizens: a psychological and criminological analysis,"Sarteschi, Christine M.",Criminology,Criminal Psychology / Criminal Behavior,"A scholarly examination of the sovereign citizen movement from psychological and criminological perspectives. The book discusses the movement's origins, underlying ideology and behaviors, interactions with the criminal justice system, violence, fraudulent legal and financial tactics, court-related activities, and approaches for addressing the problems associated with the movement.","sovereign citizens,sovereign citizen movement,criminal psychology,criminology,criminal behavior,criminal justice,criminality,anti-government movement,risk and violence,paper terrorism,tax protest,fraud,criminal justice system,court behavior,crime prevention,extremism,posse comitatus,moorish sovereign citizens",advanced,HV6080 S3 2020,2020,"Introduction to the Sovereign Citizen Movement, Historical Roots and Ideological Origins, Pseudolegal Beliefs and Theories, Tactics: Paper Terrorism and Fraud, Encounters with Law Enforcement and Violence, Psychological Factors and Mental Health Perspectives, Strategies for Law Enforcement and Judicial Response",available,portal,NWU ERC OPAC
26,Organized crime investigation : a lecture series for criminal justice and criminology students,Garcia Mario A.,Criminology,Criminal Investigation and Organized Crime,"Organized Crime Investigation: A Lecture Series for Criminal Justice and Criminology Students provides a structured, pedagogical overview of the methodologies, legal frameworks, and practical strategies used to investigate transnational and local criminal organizations. Authored by Mario A. Garcia, the text delivers concise lectures covering the history and structures of organized crime groups, intelligence gathering, covert operations, financial crime investigations, racketeering statutes, asset forfeiture, and multi-agency task force dynamics.","organized crime,criminal investigation,racketeering,rico,undercover operations,financial intelligence,asset forfeiture,drug trafficking,transnational crime,surveillance techniques",intermediate,HV 8073 G3 2015,2015,"Introduction to Organized Crime and Enterprise Criminality, Structure and Typologies of Criminal Syndicates, Legal Frameworks and Racketeering Legislation (RICO), Intelligence-Led Policing and Tactical Information, Electronic Surveillance and Wiretapping Operations, Undercover Investigations and Informant Management, Following the Money: Financial Crimes and Asset Forfeiture, Transnational Drug Trafficking and Human Smuggling, Multi-Agency Task Forces and Prosecution Strategies, Contemporary Trends: Cyber-Enabled Organized Crime",available,on the shelf,NWU ERC OPAC
27,Police criminology and crimes,"Sharma, D. K. and Gupta, Chandra Prakash",Criminology,Police Science and Criminology,"Police Criminology and Crimes offers a focused examination of police science, criminology, and law enforcement operations in response to evolving crime dynamics. Co-authored by D. K. Sharma and Chandra Prakash Gupta, the text explores criminal behavior patterns, police administration, crime prevention strategies, investigative techniques, evidence handling, and the structural relationship between police organizations and the broader criminal justice system.","police criminology,criminal investigation,policing strategies,police administration,crime control,law enforcement,crime prevention,forensic science,criminal justice system",intermediate,HV 7921 S5 2019,2019,"Introduction to Police Criminology, Structure and Organization of Police Administration, Criminal Behavior and Crime Causation, Types of Crimes and Criminal Patterns, Police Investigation Techniques and Procedures, Crime Scene Management and Forensic Evidence, Police Duties in Crime Prevention, Community Policing and Public Relations, Legal Frameworks and Human Rights in Policing, Modern Challenges in Police Criminology",available,on the shelf,NWU ERC OPAC
28,Police photography : lessons for criminology students,"Montojo, Felipe G.",Criminology,Forensic Science and Criminalistics,"Police Photography: Lessons for Criminology Students provides a practical, instructional guide to forensic and crime scene photography tailored for criminology students and law enforcement trainees. Written by Felipe G. Montojo, this book covers fundamental photographic principles, camera mechanics, exposure controls, flash and specialized lighting, crime scene documentation techniques, macro photography of physical evidence, latent impression capturing, and court admissibility standards for photographic evidence.","police photography,forensic photography,crime scene documentation,forensic science,camera mechanics,lighting techniques,evidence capturing,impression photography,chain of custody,photographic evidence",intermediate,TR 822 M6 2006,2006,"Introduction to Forensic and Police Photography, History and Principles of Photography, Camera Mechanics and Operating Features, Exposure Controls and Aperture Settings, Flash Techniques and Crime Scene Lighting, Crime Scene Photographic Procedures, Macro Photography and Physical Evidence Documentation, Fingerprint and Impression Photography, Digital Photography and Image Integrity, Legal Aspects and Court Admissibility of Photographic Evidence",available,on the shelf,NWU ERC OPAC
29,Principles and concepts criminology,"Sharma, Devendra K.",Criminology,Criminological Theory and Concepts,"Principles and Concepts: Criminology offers an accessible overview of foundational criminological theories, fundamental principles of crime causation, and core concepts across the discipline. Authored by Devendra K. Sharma, the text covers definitions of crime and deviance, schools of criminological thought (classical, positivist, biological, sociological, and psychological), patterns of offending, penology, and crime prevention frameworks.","criminology principles,fundamental concepts,crime causation,schools of criminology,deviance,penology,criminal behavior,crime control,social control,criminal justice",intermediate,HV 6025 S5 2019,2019,"Introduction to Criminology, Concept and Definition of Crime, Schools of Criminological Thought, Biological and Psychological Explanations of Crime, Sociological Theories of Criminal Behavior, Deviance and Social Control, Typologies of Crime and Offending, Penology and Punishment Concepts, Crime Prevention and Justice Administration",available,on the shelf,NWU ERC OPAC
30,Questioned documents examination: an instructional material for criminology students with laboratory manual,"Camara, Richard T.",Criminology,Forensic Science and Criminalistics,"Questioned Documents Examination: An Instructional Material for Criminology Students with Laboratory Manual provides a comprehensive combination of theoretical fundamentals and hands-on laboratory exercises in document analysis. Authored by Richard T. Camara, the text covers handwriting analysis and identification, signature verification, detection of forgery and alterations, analysis of typewriting and printed documents, paper and ink examination, specialized illumination techniques, and expert witness testimony standards in court.","questioned documents,handwriting examination,signature verification,forgery detection,document analysis,ink analysis,paper analysis,forensic science,criminalistics,laboratory manual",intermediate,HV 8074 C3 2016,2016,"Introduction to Questioned Document Examination, Development and Fundamentals of Handwriting, Scientific Examination and Comparison of Handwriting, Signature Analysis and Types of Forgery, Examination of Altered and Erased Documents, Typewriting and Computer Printer Examinations, Physical and Chemical Examination of Paper and Ink, Laboratory Exercises and Experimental Protocols, Expert Witness Testimony and Legal Standards",available,on the shelf,NWU ERC OPAC
31,Remedial english : basic grammar for criminology students,"Nano, Maria Cristian Bajado",Criminology,Criminal Justice Education and Communication,"Remedial English: Basic Grammar for Criminology Students is an instructional workbook designed to enhance core English language and writing competencies for criminology students and law enforcement trainees. Authored by Maria Cristian Bajado Nano, the text focuses on essential grammar rules, subject-verb agreement, sentence construction, vocabulary building, mechanics, and paragraph development specifically contextualized with law enforcement and legal terminology to improve police report writing and professional communication.","remedial english,basic grammar,criminology education,report writing,sentence structure,subject-verb agreement,professional communication,vocabulary building,legal terminology",beginner,PE 1116 N3 2014,2014,"Introduction to Basic Grammar and Communication, Parts of Speech and Usage, Sentence Structures and Common Pitfalls, Subject-Verb Agreement Rules, Tenses and Verb Mechanics, Punctuation and Capitalization Rules, Vocabulary and Criminology Terminology, Paragraph Development and Organization, Basics of Narrative Police Report Writing",available,on the shelf,NWU ERC OPAC
32,Research methodologies in criminology,"Yeboah, David A.",Criminology,Research Methods and Methodology,"Research Methodologies in Criminology provides a practical, step-by-step guide to quantitative, qualitative, and mixed research methods tailored for criminological investigation. Authored by David A. Yeboah, the text simplifies complex research design concepts, data collection, questionnaire design, sampling techniques, analysis of existing data, and program evaluation, equipping students and researchers with tools to address contemporary crime and victimology issues.","criminology research,research methodologies,quantitative methods,qualitative research,program evaluation,data collection,sampling techniques,survey design,victimology research",intermediate,HV 6024.5 T4 2008,2008,"Introduction to Criminological Research, The General Research Process, Sources of Criminological Data, Designing and Asking Questions, Quantitative Research Methodologies, Qualitative Research Methodologies, Experimental and Quasi-Experimental Research, Case Studies and Documentary Research, Secondary Data Analysis, Evaluation Research in Criminal Justice",available,on the shelf,NWU ERC OPAC
33,Research methods in criminal justice and criminology,"Hagan, Frank E.",Criminology,Research Methods and Statistics,research methods; criminal justice research; research design; ethics in research; sampling; survey methods; qualitative research; unobtrusive measures; statistics; evaluation research,"research methods,criminal justice research,research design,ethics in research,sampling,survey methods,qualitative research,unobtrusive measures,statistics,evaluation research",intermediate,HV 6024.5 H3 2003,2003,"Introduction to Criminal Justice Research Methods; Ethics in Criminal Justice Research; Research Design: Experiments and Their Variations; Sampling; Survey Research: Questionnaires and Interviews; Participant Observation and Case Studies; Unobtrusive Measures, Secondary Analysis, and Data Sources; Data Gathering and Measuring Crime; Scaling and Index Construction; Data Analysis: Statistics and Processing",available,on the shelf,NWU ERC OPAC
34,Rules of court for criminology students,RBSI Editorial staff,Criminology,"Rules of Court for Criminology Students provides a tailored compilation of procedural and evidentiary court rules essential for criminology majors and law enforcement practitioners. Compiled and edited by the Rex Book Store Editorial Staff (RBSI), this reference covers key legal frameworks including criminal procedure, rules on evidence, provisional remedies, search warrants, arrest procedures, court jurisdictions, and trial processes required in criminal justice administration.",rules of court; criminal procedure; rules on evidence; Philippines criminal law; arrest and search warrants; court jurisdiction; criminal litigation; legal procedures; trial practice; criminology law,"rules of court,criminal procedure,rules on evidence,philippines criminal law,arrest and search warrants,court jurisdiction,criminal litigation,legal procedures,trial practice,criminology law",intermediate,KPM 3520 R8 2018,2018,"General Provisions and Jurisdiction of Courts, Rules on Criminal Procedure (Rules 110-127), Prosecution of Offenses and Institution of Criminal Actions, Rights of the Accused and Arrest Procedures, Bail Search and Seizure Operations, Pre-Trial and Trial Procedures in Criminal Cases, Judgment and Remedies After Judgment, Rules on Evidence (Rules 128-134), Admissibility and Weight of Evidence, Examination of Witnesses and Documentary Evidence",available,on the shelf,NWU ERC OPAC
35,Shotokan karate : a guide in the fundamntals of martial arts with dis alarming techniques for criminology students,"FRancisco, Greg Mabbayad",Criminology,Law Enforcement Training and Personal Defense,"Shotokan Karate: A Guide in the Fundamentals of Martial Arts with Disarming Techniques for Criminology Students provides a tailored instructional manual combining traditional Shotokan karate basics with practical self-defense and disarming maneuvers. Authored by Greg Mabbayad Francisco, the text focuses on fundamental stances, strikes, blocks, and kicks, while emphasizing tactical applications for law enforcement personnel, such as weapon disarming techniques, restraint methods, subject control, and situational awareness.","shotokan karate,martial arts,disarming techniques,self-defense,law enforcement training,subject control,arrest techniques,tactical defense,hand-to-hand combat,criminology instruction",beginner,GV 1114.3 F7 2020,2020,"Introduction to Martial Arts and Shotokan Karate, Stances (Dachi) and Footwork Dynamics, Basic Punching and Striking Techniques (Tsuki and Uchi), Blocking Techniques (Uke) for Self-Defense, Basic Kicking Techniques (Geri), Kata Fundamentals and Tactical Application, Disarming Techniques against Bladed Weapons, Disarming Techniques against Handguns and Blunt Objects, Restraint and Takedown Techniques for Law Enforcement",available,on the shelf,NWU ERC OPAC
36,Sociological Theory of Crime and Criminology,"Sharma, Devendra Kumar",Criminology,Criminological Theory and Concepts,"Sociological Theory of Crime and Criminology provides a comprehensive analysis of the social structures, processes, and conditions that drive criminal behavior and societal responses to deviance. Authored by Devendra Kumar Sharma, the text examines major sociological paradigms including functionalism, strain theory, social disorganization, differential association, labeling theory, conflict theory, and subcultural perspectives, placing crime in its broader social and institutional contexts.","sociological theory,criminology,strain theory,social disorganization,labeling theory,differential association,conflict theory,social control,crime causation,deviance",intermediate,HV 6080 S5 2019,2019,"Introduction to Sociological Criminology, Classical and Positivist Foundations, Social Disorganization and Ecological Theories, Anomie and Strain Theories of Crime, Learning Theories and Differential Association, Social Control and Bonding Theories, Symbolic Interactionism and Labeling Theory, Radical and Conflict Criminology, Subcultural Theories and Contemporary Perspectives",available,on the shelf,NWU ERC OPAC
37,Special crime investigation with simulation on interview and interrogation: a textboook for Criminology students of the new Millenium,"Garcia, M. A.",Criminology,Criminal Investigation and Interrogation,"Special Crime Investigation with Simulation on Interview and Interrogation: A Textbook for Criminology Students of the New Millennium provides practical, step-by-step guidance on investigating complex crimes alongside hands-on interrogation techniques. Authored by Mario A. Garcia, the text covers physical evidence collection, crime scene management, investigative protocols for specific offenses (such as homicide, rape, robbery, and arson), alongside practical simulations and psychological methods for conducting effective field interviews and interrogations.","special crime investigation,interview and interrogation,crime scene management,interrogation simulation,criminal investigation,homicide investigation,criminal evidence,investigative techniques,offender profiling",intermediate,HV 8073 G3 2020,2020,"Fundamentals of Special Crime Investigation, Principles and Dynamics of Field Interviews, Tactical Interrogation Techniques and Simulations, Crime Scene Preservation and Evidence Processing, Investigation of Crimes Against Persons (Homicide and Murder), Investigation of Sexual Crimes and Offenses, Investigation of Crimes Against Property (Robbery and Theft), Arson and Fire Investigation Protocols, Report Writing and Courtroom Testimony in Special Cases",available,on the shelf,NWU ERC OPAC
38,Introduction to industrial security concepts: TOS-based textbook fro criminology and industrial security students and professionals,"Ayeo-eo, S.",Criminology,Industrial and Physical Security,"Introduction to Industrial Security Concepts: TOS-Based Textbook for Criminology and Industrial Security Students and Professionals offers a structured overview of industrial security systems, physical protection measures, and asset safeguarding tailored to Commission on Higher Education (CHED) Outcomes-Based Education / Table of Specifications (TOS) requirements. Authored by S. Ayeo-eo, the text addresses key principles of physical security, personnel security, document and information security, risk assessment, security survey and inspection, barrier systems, and emergency preparedness.","industrial security,physical security,personnel security,document security,security management,risk assessment,security survey,loss prevention,asset protection,industrial safety",intermediate,HV 8290 A9 2026,2026,"Legal Basis and Fundamentals of Industrial Security, Concepts of Physical Security and Access Control, Security Barriers Lighting and Intrusion Systems, Personnel Security and Background Investigation, Document and Information Security, Risk Analysis and Security Survey Protocols, Emergency Planning and Crisis Management, Security Management and Administration, Ethics and Professional Standards in Security Management",available,on the shelf,NWU ERC OPAC
39,Technical English 1 & 2 (legal forms) for criminology students,"Fetalvo-Balares, Marilyn B.; Garcia, Nicasio L.; Gomez, Eymard Z.; Vargas, Pio M.",Criminology,Criminal Justice Communication and Legal Writing,"Technical English 1 & 2 (Legal Forms) for Criminology Students provides a specialized, comprehensive guide to technical report writing and legal document drafting for criminology students and law enforcement trainees. Authored by Marilyn B. Fetalvo-Balares et al., the text covers police report writing, blotter entries, affidavit preparations, sworn statements, search and arrest warrant applications, charging documents, and various formal legal forms essential for court proceedings and law enforcement operations.","technical english,legal forms,police report writing,affidavits,sworn statements,police blotter,charging documents,search warrant applications,law enforcement communication,criminology writing",intermediate,HV 7936 T4 2023,2023,"Introduction to Technical Writing in Law Enforcement, Characteristics and Essentials of Police Reports, Police Blotter Entries and Initial Investigation Reports, Fundamentals of Affidavit Drafting, Preparation of Sworn Statements and Depositions, Drafting Warrant Applications (Search and Arrest), Complaints and Information Documentation, Special Incident and Administrative Reports, Presentation and Archiving of Legal Forms",available,on the shelf,NWU ERC OPAC
40,The criminal event : an introduction to criminology,"Sacco, Vincent F.; Kennedy, Leslie W.",Criminology,Introduction to Criminology,"The Criminal Event: An Introduction to Criminology presents a unique, integrated framework that views crime not merely as an individual act or social problem, but as a dynamic event involving offender, victim, and setting. Authored by Vincent F. Sacco and Leslie W. Kennedy, this text explores how social, situational, and legal factors intersect to generate crime, examining routine activities, spatial and temporal patterns, criminal decision-making, criminal justice responses, and strategies for crime prevention.","criminal event,routine activities theory,situational crime prevention,crime patterns,victimology,environmental criminology,offender decision-making,crime context,crime control,crime measurement",beginner,HV 6807 S2 1996,1996,"Understanding the Criminal Event, Measuring and Mapping Criminal Events, The Social Context of the Criminal Event, Criminal Decisions and Motivations, Victims and the Target Selection Process, The Physical and Temporal Setting of Crime, Property Crime Events, Violent Crime Events, Regulating and Responding to Criminal Events, Preventing the Criminal Event",available,on the shelf,NWU ERC OPAC
41,The Definitive guide to criminal justice and criminology on the world wide web,The Criminal Justice Distance Leaning Consurtium,Criminology,Criminal Justice Information Systems and Cyber Resources,"The Definitive Guide to Criminal Justice and Criminology on the World Wide Web offers a targeted overview of online research tools, web directories, and internet resources tailored for criminology and criminal justice students, researchers, and practitioners. Developed by the Criminal Justice Distance Learning Consortium, this guide introduces fundamental internet navigation, evaluation of digital source credibility, online legal databases, police and agency portals, court record repositories, distance learning methodologies, and strategies for conducting web-based academic research in criminal justice.","criminal justice web resources,internet research,criminology databases,distance learning,legal research online,cyber resources,online police databases,digital research methods",beginner,KF 242 C72 D4 1999,1999,"Introduction to the Internet and Distance Learning in Criminal Justice, Navigating the World Wide Web for Criminological Research, Evaluating Online Information and Source Credibility, Federal and State Law Enforcement Web Resources, Judicial and Legal Research Portals, Corrections and Rehabilitation Databases, International Criminology and Crime Statistics Websites, Academic Journals and Digital Libraries, Future Trends in Digital Criminal Justice Education",available,on the shelf,NWU ERC OPAC
42,The Oxford handbook of criminology,"Maguire, Mike, ed.; Morgan, Rod; Reiner, Robert",Criminology,Criminological Theory and Comparative Criminology,"The Oxford Handbook of Criminology is a seminal reference text providing a comprehensive and authoritative overview of criminological theory, research, and criminal justice practice. Edited by Mike Maguire, Rod Morgan, and Robert Reiner, this volume features contributions from leading scholars examining the history of criminological thought, social constructions of crime and control, patterns of victimology, police and sentencing practices, penal policy, and contemporary trends such as globalization, cybercrime, and security.","criminological theory,sociology of crime,criminal justice system,policing,sentencing,penology,victimology,penal policy,social control,comparative criminology",advanced,HV 6025 O9 2012,2012,"History and Conceptual Foundations of Criminology, Sociological and Psychological Theories of Crime, Social Divisions, Inequality, and Crime, Dimensions of Crime: Violent, Property, and White-Collar, The Social Context of Crime Control and Security, Youth Crime and Justice, Policing and Law Enforcement Institutions, The Court Process and Sentencing, Prisons and Punishment, Global and Contemporary Challenges in Criminology",available,on the shelf,NWU ERC OPAC
43,The practice of research in criminology and criminal justice,"Bachman, Ronet; Schutt, Russell K.",Criminology,Research Methods and Statistics,"The Practice of Research in Criminology and Criminal Justice provides a comprehensive introduction to quantitative, qualitative, and mixed methods research designs in criminal justice settings. Authored by Ronet Bachman and Russell K. Schutt, the text guides students through the research process—from conceptualization, measurement, and sampling to experimental design, survey research, field observation, secondary data analysis, evaluation research, and ethical considerations in crime research.","criminology research,research design,measurement,sampling techniques,survey research,qualitative methods,experimental design,evaluation research,research ethics,data analysis",intermediate,HV 6024.5 B3 2011,2011,"Science, Society, and Criminological Research; Criminological Research Questions and Theories; Research Ethics and Social Responsibility; Conceptualization and Measurement; Sampling Techniques; Experimental Design; Survey Research; Qualitative Methods and Field Research; Unobtrusive Measures and Secondary Data Analysis; Evaluation Research and Policy Analysis",available,on the shelf,NWU ERC OPAC
44,Therapeutic modalities : a textbook for criminology students and practitioners,"Cuasay, Arjay Marcaida; Apela, Renor Narca",Criminology,Institutional Corrections and Rehabilitation,"Therapeutic Modalities: A Textbook for Criminology Students and Practitioners presents a comprehensive overview of institutional and community-based rehabilitation programs designed for offender reform and reintegration. Authored by Arjay Marcaida Cuasay and Renor Narca Apela, the text examines key therapeutic frameworks used in the correctional system, including the Therapeutic Community (TC) model, behavioral modification, cognitive-behavioral interventions, restorative justice concepts, individual counseling, anger management, and multi-agency offender rehabilitation protocols.","therapeutic modalities,offender rehabilitation,therapeutic community,behavioral modification,institutional corrections,restorative justice,offender counseling,correctional management,reintegration",intermediate,HV 9304 C8 2022,2022,"Introduction to Therapeutic Modalities in Corrections, Principles of Human Behavior and Modification, The Therapeutic Community (TC) Model and Modality, Cognitive-Behavioral Approaches to Offender Rehabilitation, Restorative Justice Frameworks and Practices, Individual and Group Counseling Protocols, Anger Management and Violence Prevention Programs, Reintegration and Aftercare Programs, Ethics and Challenges in Correctional Treatment",available,on the shelf,NWU ERC OPAC
45,"Values, ethics and professional conduct for criminology students and practitioners","Guerrero, Brian B.; Molato, Ronith Letran ; Cortejo, Edwin Francisco",Criminology,Ethics and Professional Conduct,"Values, Ethics and Professional Conduct for Criminology Students and Practitioners provides a thorough grounding in moral philosophy, ethical decision-making frameworks, and professional codes of conduct governing law enforcement and criminal justice professionals. Authored by Brian B. Guerrero, Ronith Letran Molato, and Edwin Francisco Cortejo, the text focuses on human values, police ethics, professional integrity, anti-corruption standards, human rights compliance, and the Code of Ethics for Criminologists in the Philippines.","police ethics,professional conduct,values formation,law enforcement integrity,criminologist code of ethics,human rights,anti-corruption,professional responsibility,ethical decision-making",intermediate,HV 7924 G8 2016,2016,"Introduction to Values and Moral Philosophy, Foundational Concepts of Ethics and Morality, Professional Ethics in Law Enforcement, Code of Ethics for Criminologists, Human Rights and Police Operations, Ethical Decision-Making and Discretion, Accountability and Anti-Corruption in Public Service, Professional Conduct and Discipline, Emerging Ethical Issues in Criminal Justice",available,on the shelf,NWU ERC OPAC
46,Weapons and disarming techniques: for criminology students and law enforcers,"Teves, Marlon L.",Criminology,Law Enforcement Training and Personal Defense,"Weapons and Disarming Techniques: For Criminology Students and Law Enforcers serves as a practical, tactical manual designed to equip law enforcement officers and criminology students with essential defense skills. Authored by Marlon L. Teves, the text covers safe handling and operational knowledge of various weapons (bladed weapons, impact tools, and handguns) along with physical defense strategies, tactical disarming maneuvers, weapon retention methods, and subject control under high-stress conditions.","weapons disarming,law enforcement training,hand-to-hand combat,tactical defense,weapon retention,edged weapon defense,firearm safety,physical security,criminology instruction",beginner,GV 1111 T4 2017,2017,"Introduction to Law Enforcement Defense and Disarming Principles, Fundamentals of Impact and Bladed Weapons, Firearm Safety Mechanics and Operational Handling, Tactical Distance and Stance Positioning, Edge-Weapon Disarming Techniques and Drills, Impact Weapon Defense and Disarming Tactics, Handgun Disarming Techniques and Weapon Retention, Takedown and Restraint Holds, Practical Simulations and Scenario Training",available,on the shelf,NWU ERC OPAC
47,Law enforcement administration : a textbook in criminology,"Manwong, Rommel K.; Bernard, Darlito; Delizo, G.",Criminology,Law Enforcement Administration and Police Management,"Law Enforcement Administration: A Textbook in Criminology provides a comprehensive overview of the principles, theories, and practices involved in managing law enforcement agencies. Authored by Rommel K. Manwong, Darlito Bernard, and Delizo G., this textbook examines police organization, administration, operations, planning, personnel management, decision-making, and community-oriented policing within the context of the Philippine criminal justice system and global policing frameworks.","law enforcement administration,police management,police organization,police planning,personnel administration,community policing,law enforcement operations,police discretion,police administration",intermediate,HV 7935 M3 2006,2006,"Fundamentals of Law Enforcement Administration, Principles of Police Organization and Management, Police Operational Planning and Decision-Making, Police Personnel Management and Recruitment, Police Records Management and Information Systems, Auxiliary and Special Law Enforcement Operations, Community-Oriented Policing and Public Relations, Intelligence and Counter-Intelligence Management, Ethics Accountability and Police Leadership",available,on the shelf,NWU ERC OPAC
48,Law on evidence: a guide for criminology students,"Gabao, Ramil G.",Criminology,Criminal Procedure and Evidence,"Law on Evidence: A Guide for Criminology Students provides a clear, structured overview of the rules governing evidence in Philippine criminal proceedings   . Authored by Ramil G. Gabao, the text examines admissibility, judicial notice, judicial admissions, object and documentary evidence, testimonial evidence, burden of proof, presumptions, and the examination of witnesses, tailored specifically for criminology students and law enforcement trainees.","law on evidence,rules on evidence,evidence admissibility,judicial notice,testimonial evidence,documentary evidence,burden of proof,examination of witnesses,criminal evidence,philippine criminal law",intermediate,KPM 3542 G3 2016,2016,"General Principles and Concepts of Evidence, Admissibility of Evidence and Judicial Notice, Judicial Admissions and Relevancy of Evidence, Object and Real Evidence, Documentary Evidence and Best Evidence Rule, Testimonial Evidence and Qualifications of Witnesses, Burden of Proof and Presumptions, Presentation and Examination of Witnesses, Weight and Sufficiency of Evidence",available,on the shelf,NWU ERC OPAC
49,"Learning styles of the first year Criminology students of Northwestern University, Laoag City","Garcia, Rhea Joanna, Julian, Lovelyn Queen M., Siazon, Marinella P.",Criminology,Criminology Education and Pedagogy,"Learning Styles of the First Year Criminology Students of Northwestern University, Laoag City presents an empirical institutional study assessing the learning preferences, cognitive habits, and study orientation of freshman criminology students. Authored by Rhea Joanna Garcia, Lovelyn Queen M. Julian, and Marinella P. Siazon, this research evaluates visual, auditory, and kinesthetic learning styles to provide pedagogical insights aimed at enhancing instructional methods, curriculum design, and academic retention in criminology education.","learning styles,criminology education,northwestern university,laoag city,student assessment,pedagogy,cognitive preferences,educational research,criminology curriculum,higher education",intermediate,T-ED G3 2015,2015,"Introduction and Statement of the Problem, Conceptual and Theoretical Framework, Methodology and Research Design, Profile of First-Year Criminology Students, Identification of Student Learning Styles (Visual Auditory Kinesthetic), Analysis of Learning Style Variations Across Demographic Factors, Findings and Statistical Interpretation, Conclusions and Pedagogical Recommendations",available,on the shelf,NWU ERC OPAC
50,Non-institutional correction: community-based correction in the Philippines for criminology students,"Villaluz, Joner C.",Criminology,Community-Based Corrections and Offender Rehabilitation,"Non-Institutional Correction: Community-Based Correction in the Philippines for Criminology Students offers a thorough guide to non-custodial rehabilitation programs and community-based offender management systems within the Philippine correctional framework. Authored by Joner C. Villaluz, the textbook explores probation, parole, executive clemency, conditional pardon, recognizance, community service, and the administrative role of the Parole and Probation Administration (PPA) in facilitating offender reintegration.","non-institutional correction,community-based corrections,probation,parole,executive clemency,parole and probation administration,offender reintegration,community supervision,philippine corrections,restorative justice",intermediate,HV 9304 V5 2023,2023,"Introduction to Non-Institutional Corrections and Community Supervision, Historical Evolution of Probation and Community Corrections in the Philippines, The Adult Probation Law (P.D. 968) and Disqualifications, Investigation and Post-Sentence Investigation Reports (PSIR), Supervision Administration and Probation Conditions, Parole System and Executive Clemency Framework, Indeterminate Sentence Law and Application, Community Service Act and Non-Custodial Sanctions, Role of Volunteer Officers and Community Integration Programs",available,on the shelf,NWU ERC OPAC
51,Good Character Matters 10,"Diaz, Jade M,; Quiambao, Dolores S.",Education,Character Education / Values Education,"Good Character Matters 10 is a Grade 10 character and values education textbook focused on developing students' moral character, social responsibility, good citizenship, and personal values. The material addresses concepts such as the common good, subsidiarity, human dignity, work, participation and volunteerism, social justice, excellence, discipline, time management, nationalism, career preparation, and education. Library records confirm the 2016 Vibal Group publication and identify Jade M. Diaz and Dolores M. Quiambao as authors.","character education,values education,good character,moral education,grade 10,high school education,values formation,ethics,moral values,human dignity,common good,subsidiarity,social responsibility,work values,volunteerism,social justice,excellence,discipline,time management,nationalism,career preparation,education,responsible citizenship",intermediate,HL-FIL 372.114 D542 2016 10,2016,,available,on the shelf,NWU ERC OPAC
52,Current Studies in Educational Measurement and Evaluation,"Cepni, Salih ; Kara, Yılmaz, eds.",Education,Educational Measurement and Evaluation,"Current Studies in Educational Measurement and Evaluation is an edited academic volume examining contemporary approaches to educational measurement, assessment, and evaluation. It covers cognitive processes in problem solving, traditional and alternative assessment methods, reliability and validity, large-scale examinations, formative and summative assessment, subject-specific assessment, special education, STEM education, and emerging evaluation practices. The book contains 27 chapters and is intended for researchers, teachers, graduate and undergraduate students, and practitioners in educational assessment.","educational measurement,educational evaluation,educational assessment,assessment methods,formative assessment,summative assessment,alternative assessment,traditional assessment,reliability,validity,large-scale assessment,pisa,timss,portfolio assessment,project assessment,rasch measurement,rubrics,self-assessment,peer assessment,special education,mathematics education,science education,stem assessment,problem solving,test accessibility,cognitive theories",advanced,LB3051 C9 [2019],2019,,available,portal,NWU ERC OPAC
53,Gawi: Edukasyon sa Pagpapakatao,"Astilla, MArk Anthony G.; Rosete, Alfredo",Education,Values Education / Character Education,"Gawi: Edukasyon sa Pagpapakatao is an elementary values education textbook designed to develop good character, appropriate behavior, moral values, and responsible participation among Filipino learners. The Gawi series covers Grades 1–6 and includes activities related to contemporary concerns such as health and the environment while developing students' critical-thinking, collaborative, communicative, and creative skills. Abiva identifies Gawi: Edukasyon sa Pagpapakatao as part of its Grade School curriculum materials.","edukasyon sa pagpapakatao,values education,character education,moral education,good manners,good behavior,filipino values,elementary education,grade 4,moral development,character formation,personal responsibility,social responsibility,respect,cooperation,citizenship,critical thinking,communication skills,collaborative learning,creative skills",beginner,EL-FIL 370.11 A854 2018 4,2018,,available,on the shelf,NWU ERC OPAC
54,Developing mind and body through MAPEH 9,"Esposo, Maria Fe L.",Education,"MAPEH / Music, Arts, Physical Education, and Health","Developing Mind and Body Through MAPEH 9 is a secondary-level MAPEH textbook integrating four major learning areas: Music, Arts, Physical Education, and Health. It is intended for Grade 9 learners and supports the development of knowledge, skills, creativity, physical fitness, healthy lifestyles, and appreciation of music and the arts.","mapeh,music,arts,physical education,health education,grade 9,secondary education,music education,arts education,physical fitness,sports,health,wellness,dance,movement,filipino music,philippine arts,health promotion",intermediate,378.8 S487 2015 9,2019,,available,on the shelf,NWU ERC OPAC
55,"Active MAPE: Activity-Based and Interactive Worktext in Music, Arts and Physical Education for Elementary Students; 3","Favilla, Salve Andes",Education,"Elementary MAPE / Music, Arts, and Physical Education","Active MAPE 3 is an elementary-level activity-based and interactive worktext integrating Music, Arts, and Physical Education. It is designed to provide young learners with practical activities and exercises that develop musical understanding, artistic expression, physical skills, coordination, creativity, and appreciation of the arts.","mape,mapeh,music education,arts education,physical education,elementary education,grade 3,activity-based learning,interactive learning,worktext,music activities,art activities,physical activities,movement,coordination,creativity,elementary students",beginner,EL-FIL 613.7 F274 2009 4,2009,,available,on the shelf,NWU ERC OPAC
56,"MAPEH 7: Music, Art, Physical Education, & Health","Miranda. Quennie S., et. al.",Education,"MAPEH / Music, Arts, Physical Education, and Health","MAPEH 7: Music, Art, Physical Education, & Health is a Grade 7 textbook covering the four learning areas of Music, Arts, Physical Education, and Health. It is identified in school instructional-material lists as a K to 12 Curriculum Compliant textbook published by Phoenix Publishing House. The book integrates music and arts appreciation with physical activity, fitness, health, and wellness concepts appropriate for junior high school learners.","mapeh,music,arts,physical education,health,grade 7,junior high school,k to 12,music education,arts education,physical fitness,sports,health education,wellness,philippine music,philippine arts,movement,exercise,healthy lifestyle",intermediate,HS-FIL 372.87 C744 2016 7,2016,,available,on the shelf,NWU ERC OPAC
57,"MAPEH 10: Music, Art, Physical Education, & Health","Concha, Argie A., et al.",Education,"MAPEH / Music, Arts, Physical Education, and Health","MAPEH 10: Music, Art, Physical Education, & Health is a Grade 10 textbook covering four learning areas: Music, Arts, Physical Education, and Health. The book is part of a K to 12 curriculum-compliant Junior High School series published by Phoenix Publishing House. It integrates performance-based Music and Arts education with physical fitness, health, wellness, and related learning activities.","mapeh,music,arts,physical education,health,grade 10,junior high school,k to 12,music education,arts education,philippine arts,music appreciation,physical fitness,sports,health education,wellness,healthy lifestyle,performance-based learning",intermediate,HS-FIL 372.87 C744 2016 10,2016,,available,on the shelf,NWU ERC OPAC
58,MAPEH for Today's Learner 10: Teacher's Wraparound Edition,"Miranda, Quennie S., et al.",Education,"MAPEH / Music, Arts, Physical Education, and Health","MAPEH for Today's Learner 10 is a Grade 10 learning resource covering the four major areas of Music, Arts, Physical Education, and Health. It is designed for Junior High School learners under the Philippine K to 12 curriculum. The book integrates artistic and musical learning with physical fitness, health, wellness, and related performance-based activities. Library records confirm the title, author group, Phoenix Publishing House as publisher, and Quezon City as the publication place.","mapeh,music,arts,physical education,health,grade 10,junior high school,k to 12,music education,arts education,philippine arts,music appreciation,physical fitness,sports,health education,wellness,healthy lifestyle,performance-based learning",intermediate,372.87 M672 2018 10,2018,,available,on the shelf,NWU ERC OPAC
59,Illuminate,"Tenedero, Pia Patricia P.; Sibug, KAtherine Patrice Burwell",Education,English Language Education / Elementary Education,Illuminate is an educational textbook from the ILLUMINATE: English for the Mind and Heart series published by REX. The series combines language and literature instruction with values and soft-skills development and uses a brain-based learning approach. The 2019 work by Pia Patricia Tenedero and Katherine Patrice Sibug is cited in Philippine educational learning materials as Illuminate English for the Mind and Heart.,"illuminate,english for the mind and heart,english education,elementary education,english language,language learning,literature,reading,writing,listening,speaking,viewing,communication skills,values education,soft skills,brain-based learning,philippine education,rex book store",intermediate,EL-FIL 378 T292 2019 3,2019,,available,on the shelf,NWU ERC OPAC
60,Dynamic series in : MAPEH,"Joson, Carmelita H., and 3 others",Education,"MAPEH / Elementary Music, Arts, Physical Education, and Health","Dynamic Series in MAPEH is a Grade 6 elementary textbook covering Music, Arts, Physical Education, and Health. The series is designed in accordance with the Philippine Department of Education's K to 12 Basic Education Curriculum. Its lessons use student-centered and performance-based activities, with emphasis on artistic expression, cultural literacy, physical fitness, movement, healthy living, and active participation.","mapeh,dynamic series,grade 6,elementary education,music,arts,physical education,health,k to 12,music education,arts education,philippine arts,music appreciation,performance,physical fitness,exercise,sports,dance,recreation,health education,nutrition,wellness,disease prevention,healthy lifestyle",intermediate,EL-FIL 372 M247 2017 6,2017,,available,on the shelf,NWU ERC OPAC
61,Math for Engaged Learning: The New Grade 10,"Lim, Yvette, et al.",Education,Secondary Mathematics / Grade 10 Mathematics,"Math for Engaged Learning: Grade 10: K to 12 is a Grade 10 mathematics textbook designed according to the Philippine K to 12 curriculum. It emphasizes mathematical skills, problem solving, analytical thinking, and active student engagement. The book provides learning activities and opportunities intended to help students apply mathematical concepts in meaningful contexts. A library record confirms the four authors, 2015 publication year, Sibs Publishing House, 400-page length, and ISBN.The SIBS Publishing House mathematics series emphasizes responsible, energized, strategic, and collaborative learning, together with problem solving, mathematical reasoning, representation, communication, connections, and computational fluency.","mathematics,math for engaged learning,grade 10 mathematics,secondary mathematics,k to 12,philippine education,mathematics education,problem solving,mathematical reasoning,mathematical skills,analytical thinking,computational fluency,mathematical representation,mathematical communication,learning activities,performance tasks,collaborative learning",intermediate,HL-FIL 510 M426 2015 10,2015,,available,on the shelf,NWU ERC OPAC
62,Good at Heart: Good in Mind 4,"Barranta, Maria Myrna C. and 3 others",Education,Character Education / Values Education,"Good at Heart: Good in Mind 4 is a Grade 4 Character Education textbook from Vibal's Good at Heart, Good in Mind series. The series is designed to develop pupils' moral maturity by integrating the development of the mind and heart. Vibal describes the series as aligned with the Department of Education's 2016 learning competencies for Edukasyon sa Pagpapakatao (EsP).The series develops three major dimensions of character formation: knowing good, desiring good, and doing good. These involve intellectual abilities such as reason, imagination, judgment, and reflection, together with emotional development, moral decision-making, and appropriate action.","good at heart good in mind,character education,values education,moral education,edukasyon sa pagpapakatao,esp,grade 4,elementary education,values formation,moral development,character development,knowing good,desiring good,doing good,ethics,good character,philippine education",intermediate,EL-FIL 370.11 G646 2018 4,2018,,available,on the shelf,NWU ERC OPAC
63,Golden Seeds for Life: Education to Personhood 9,"Mariano, Venus E.; NAriano, Victorina E.; Reyes, Ramil D.",Education,Values Education / Character Education / Moral Education,"Golden Seeds for Life: Education to Personhood 9 is a Grade 9 values and personhood education textbook designed to help learners develop desirable values, positive attitudes, responsible behavior, and skills needed for productive participation in society. The book uses stories and learning activities to encourage creative, critical, and reflective thinking and to help students apply lessons to real-life situations.","golden seeds for life,education to personhood,grade 9,values education,moral education,character education,social ethics,sociology,filipino values,personhood,social responsibility,family,society,community,moral development,critical thinking,reflective thinking,positive attitudes,responsible citizenship",intermediate,HL-FIL 370.11 M333 2015 9,2015,,available,on the shelf,NWU ERC OPAC
64,Dakilang Pag-asa: Gabay sa Mabuting Pagpapakatao,"Cruz, Teresita C.; Brilliante-de Cula, Socorro R.; De Leon, Reynaldo N.",Education,Values Education / Moral Education / Edukasyon sa Pagpapakatao,"Dakilang Pag-asa: Gabay sa Mabuting Pagpapakatao is an elementary values-education learning resource designed to support the development of good character, moral behavior, positive relationships, and responsible actions among Filipino learners. Materials using the Dakilang Pag-asa learning guide are cited in Philippine Edukasyon sa Pagpapakatao lesson plans and include activities aligned with the K to 12 EsP competencies.","dakilang pag-asa,gabay sa mabuting pagpapakatao,edukasyon sa pagpapakatao,esp,grade 3,elementary education,values education,moral education,character education,filipino values,good character,moral development,responsible behavior,social responsibility,respect,family,community",intermediate,EL-FIL 370.11 C957 2019 3,2017,,available,on the shelf,NWU ERC OPAC
65,The New Values Unfolding: Worktext in Values Education 6,"Barcelon, Villa Eden C.",Education,Values Education / Moral Education,"The New Values Unfolding: Worktext in Values Education 6 is an elementary-level values education worktext designed to develop moral values, character, and responsible behavior among Grade 6 learners. It focuses on values formation and their application in personal, social, community, and broader life situations. The 2014 bibliographic record identifies Villa Eden C. Barcelon as the author and Felicidad Q. Cuano as coordinator and records 239 pages with illustrations and tables.","values education,moral education,character education,values formation,elementary education,grade 6,worktext,filipino values,moral development,character development,ethics,responsible behavior,social responsibility,personal development,education in the philippines",intermediate,EL-FIL 370.11 B242 2014 3,2014,,available,on the shelf,NWU ERC OPAC
66,Golden Seeds for Life: Education to Personhood 10,"Mariano, Venus E.",Education,Values Education / Moral Education / Character Education,"Golden Seeds for Life: Education to Personhood 10 is a Philippine secondary-level values education textbook designed to support students' moral, personal, and social development. It forms part of the Golden Seeds for Life series, which aims to develop skills, positive attitudes, desirable values, and responsible behavior among learners. The series uses stories, activities, and reflective exercises to help students understand and apply values in everyday situations.","values education,moral education,character education,education to personhood,values formation,personal development,social values,filipino values,ethics,moral development,responsible citizenship,positive attitudes,behavior,secondary education,grade 10,philippine education",intermediate,HL-FIL 370.11 M333 2015 10,2015,,available,on the shelf,NWU ERC OPAC
67,"Enjoying MAPEH 2: Music, Arts, Physical Education, and Health","Montinola, Maria Tricia C.",Education,"MAPEH / Elementary Music, Arts, Physical Education, and Health","Enjoying MAPEH 2: Music, Arts, Physical Education, and Health is a Grade 2 elementary textbook covering the four major areas of MAPEH: Music, Arts, Physical Education, and Health. It uses activities and exercises to develop pupils' knowledge, creative abilities, physical skills, and health-related understanding. The 2013 edition is attributed to Maria Tricia C. Montinola and was published by Brilliant Creations Publishing, Inc.","mapeh,music,arts,physical education,health education,elementary education,grade 2,music education,arts education,creative activities,movement skills,elementary mapeh,philippine education",intermediate,EL 372.8 E58 2013 2,2013,,available,on the shelf,NWU ERC OPAC
68,Physical Education and Health for Senior High School,"Gonzalvo, Romeo P.",Education,Physical Education and Health / Senior High School,"Physical Education and Health for Senior High School is a Philippine senior high school textbook covering physical education, health, and related activities. It supports learners in developing physical fitness, participation in physical activities, health awareness, and responsible behaviors related to an active and healthy lifestyle. The 2016 publication is attributed to Romeo P. Gonzalvo Jr. and published by Mindshapers Co., Inc., Manila.","physical education,health education,senior high school,mapeh,physical fitness,health literacy,sports,dance,recreational activities,active lifestyle,fitness assessment,health promotion,physical activity,sports activities,fitness activities,philippine education,k–12 curriculum",intermediate,HL-FIL 372.8 G643 2016,2016,,available,on the shelf,NWU ERC OPAC
69,Edukasyon sa Pagpapakatao 9,"Dela Cruz, Imelda; Resurreccion Annabelle D.; Aurora Sofia; Vega, Nenita I.",Education,Edukasyon sa Pagpapakatao / Values Education / Character Education,"Edukasyon sa Pagpapakatao 9 is a Philippine Grade 9 textbook focused on values formation, moral development, and responsible decision-making. It provides learning activities that help students examine personal responsibilities, rights and duties, relationships, social responsibilities, and the application of moral principles in everyday life.","edukasyon sa pagpapakatao,esp,values education,moral education,character education,grade 9,secondary education,values formation,moral development,personal responsibility,rights and duties,ethical decision-making,social responsibility,filipino values,responsible citizenship,philippine education",intermediate,HS-FIL 370.1174 E21 2018 9,2018,,available,on the shelf,NWU ERC OPAC
70,Computers for Digital Learners: Building Technological Skills for Life; 5,"Cobre, Elmeryn Joy T.",Education,Elementary ICT / Computer Literacy / Digital Literacy,Computers for Digital Learners 5: Building Technological Skills for Life is a Grade 5 ICT worktext designed to develop students' fundamental computer and digital-literacy skills. It belongs to Phoenix Publishing House's ICT Tools Today Grade School Series. The series introduces ICT concepts and practical skills aligned with the Technology Core Standards and DepEd EPP K–12 curriculum guides.,"computer literacy,digital literacy,information and communication technology,ict,elementary ict,grade 5,computer education,technology education,digital skills,technology and livelihood education,epp,computer skills,ict tools,educational technology,philippine education,k–12 education",intermediate,EL- FIL 004 C657 2018 5,2018,,available,on the shelf,NWU ERC OPAC
71,Computers for Digital Learners 1: Building Technological Skills for Life,"Cobre, Elmeryn Joy T.",Education,Elementary ICT / Computer Literacy / Digital Literacy,Computers for Digital Learners 1: Building Technological Skills for Life is a Grade 1 ICT worktext from Phoenix Publishing House's ICT Tools Today Grade School Series. It introduces young learners to basic computer concepts and practical technology skills needed for school and everyday activities. The series is based on competencies from the Technology Core Standards and DepEd EPP K–12 Curriculum Guides.,"computer literacy,digital literacy,information and communication technology,ict,elementary ict,grade 1,computer education,technology education,digital skills,computer fundamentals,computer parts,input devices,output devices,mouse,keyboard,computer laboratory,epp,philippine education,k–12 education",beginner,EL 004 C657 2018 1,2018,,available,on the shelf,NWU ERC OPAC
72,Computers for Digital Learners: Building Technological Skills for Life; 2,"Cobre, Elmeryn Joy L.",Education,Elementary ICT / Computer Literacy / Digital Literacy,"Computers for Digital Learners 2: Building Technological Skills for Life is a Grade 2 ICT worktext from Phoenix Publishing House's ICT Tools Today Grade School Series. It develops fundamental computer and digital skills through practical, activity-based lessons. The series is designed around competencies from the Technology Core Standards and DepEd EPP K–12 Curriculum Guides. Phoenix identifies Elmeryn Joy L. Cobre, Elsa S. Frago, Nelvin T. Olalia, and Kyle S. Tingzon as the authors for Grades 1–6.","computer literacy,digital literacy,information and communication technology,ict,elementary ict,grade 2,computer education,technology education,digital skills,computer fundamentals,windows 10,microsoft office,desktop,computer applications,epp,philippine education,k–12 education",beginner,EL 004 C657 2018 2,2018,,available,on the shelf,NWU ERC OPAC
73,Computers for Digital Learners: Building Technological Skills for Life; 3,"Cobre, Elmeryn Joy T., et al",Education,Elementary ICT / Computer Literacy / Digital Literacy,"Computers for Digital Learners 3: Building Technological Skills for Life is a Grade 3 ICT worktext from Phoenix Publishing House's ICT Tools Today Grade School Series. The series develops practical information and communication technology skills for elementary learners and is based on competencies from the Technology Core Standards and DepEd EPP K–12 Curriculum Guides.The Grade 3 worktext uses an activity-based approach and is organized into four units with eight lessons per unit. Lessons include concept introduction, guided activities, practice, review, and assessment, followed by a unit test. The series uses Windows 10 and Microsoft Office 2013 in its lessons.","computer literacy,digital literacy,information and communication technology,ict,elementary ict,grade 3,computer education,technology education,digital skills,microsoft word,microsoft powerpoint,word processing,presentations,computer applications,epp,philippine education,k–12 education",intermediate,EL-FIL 004 C657 2018 3,2018,,available,on the shelf,NWU ERC OPAC
74,New Tech: Tech Smart 5,"Sumadel, Kris Asher C.",Education,Elementary ICT / Computer Literacy / Digital Literacy,New Tech: Tech Smart 5 is a Grade 5 technology and information and communication technology textbook designed to develop learners' basic technological and digital skills. It supports elementary learners in understanding and applying computer-related concepts and practical ICT skills in an educational setting.,"computer literacy,digital literacy,information and communication technology,ict,elementary ict,grade 5,computer education,technology education,digital skills,computer applications,technology skills,ict education,philippine education,k–12 education",intermediate,EL EL 004 S955 2018 5,2018,,available,on the shelf,NWU ERC OPAC
75,Science for Active Learning 2,"Mapa, Amelia P.; Quodala, PAuline V.",Education,Elementary Science / Grade 2 Science,"Science for Active Learning 2 is a Grade 2 elementary science textbook from SIBS Publishing House. The series uses authentic, interactive, collaborative, inquiry-based, and strategic activities to develop learners' science knowledge and process skills. SIBS describes the series as addressing the K–12 Science curriculum and progressively developing science process skills from Grade 1 through Grade 6.","elementary science,science education,grade 2 science,science process skills,inquiry-based learning,active learning,k–12 science,scientific investigation,matter,living things,environment,force,motion,energy,earth science,science activities,elementary education,philippine education",intermediate,372.35 M37 2014 2,2014,,available,on the shelf,NWU ERC OPAC
76,A Brief Course in the History of Education,"Monroe, Paul",Education,History of Education,"A Brief Course in the History of Education by Paul Monroe is a historical survey of educational development from primitive societies through the ancient, medieval, Renaissance, and modern periods. The book examines the relationship between education and social, religious, philosophical, political, and scientific developments. Monroe prepared it as a condensed version of his larger A Text-Book in the History of Education, particularly for normal and training schools and colleges with limited time for the subject.","history of education,education history,educational history,educational development,primitive education,ancient education,greek education,roman education,chinese education,hindu education,jewish education,medieval education,renaissance education,humanistic education,religious education,realistic education,naturalistic education,modern education,educational theory,educational movements,school systems,public education,educational reform",intermediate,LA 13 M7 1915,1907,,available,on the shelf,NWU ERC OPAC
77,A Brief History of the Future of Education: Learning in the Age of Disruption,"Jukes, Ian; Schaaf, Ryan L.",Education,Educational Change / Educational Innovation / Digital Education,"A Brief History of the Future of Education: Learning in the Age of Disruption examines how digital technology, disruptive innovation, changing workforce requirements, and the characteristics of digital-generation learners are transforming education. Ian Jukes and Ryan L. Schaaf challenge traditional educational practices and discuss how schools and educators can adapt to the changing needs of learners. The book identifies learning attributes of digital generations, future-oriented learning models, essential skills for modern learners, and new roles for educators. Corwin identifies the intended grade level as PreK–12.","education,history of education,future of education,educational change,educational innovation,digital education,digital learners,digital generations,disruptive innovation,educational technology,learning in the digital age,future learning,21st-century skills,modern learners,lifelong learning,personalized learning,collaborative learning,technology in education,curriculum innovation,educational reform,teacher roles,digital literacy,information technology,global citizenship,learning analytics,smart technology",intermediate,LA217.2 J8 2019,2019,,available,on the shelf,NWU ERC OPAC
78,A Casebook for Comparative Politics: An Open and Collaborative Educational Resource,"Johnson, Mark L. ; Pashayan, Angela ; Schuster, Matthew ; Tures, John ; Pedreira, Daniel ; Den Handel, Cheryl Van ; Change Helen ; Gritter, Matthew ; Hendrickson, Petra and Recker, Sterling",Education,Comparative Politics / Comparative Government / Open Educational Resources,"A Casebook for Comparative Politics: An Open and Collaborative Educational Resource is an open-access casebook designed as a companion resource for introductory Comparative Politics, Comparative Government, and Political Science courses. Each chapter focuses on a particular country and applies major comparative-politics concepts to its political development, identity, political culture, participation, institutions, political economy, and foreign relations. The resource is intended primarily for lower-division undergraduate students and is released under a Creative Commons Attribution-NonCommercial license.","comparative politics,comparative government,political science,case studies,political institutions,political culture,political participation,civil society,political economy,foreign relations,international politics,democracy,political systems,country studies,government systems,open educational resources,oer,political science education,undergraduate political science,comparative government studies",intermediate,JC11 .J64 2025,2025,,available,on the shelf,NWU ERC OPAC
79,A chance for every child : achieving universal primary education by 2015,"Bruns, Barbara ; Mingat, Alain ; Rakotomalala, Ramahatra",Education,Education Policy / Primary Education / Educational Development,"Achieving Universal Primary Education by 2015: A Chance for Every Child examines the global effort to achieve universal primary school completion by 2015, corresponding to the second Millennium Development Goal. The authors analyze progress toward universal primary education, particularly in low-income countries, and examine the education policies, reforms, resources, and financing needed to accelerate progress. The book also presents a simulation model for estimating the policies and financing required to reach universal primary completion and includes a CD-ROM containing the model and background data.","universal primary education,primary education,education for all,educational development,education policy,education financing,educational equalization,access to education,primary school completion,millennium development goals,mdg 2,low-income countries,developing countries,education reform,education systems,educational planning,education indicators,school enrollment,completion rates,teacher salaries,education expenditure,domestic financing,international financing,donor support,simulation model,poverty reduction,gender equality",advanced,LC 213 B7 2003,2003,,available,on the shelf,NWU ERC OPAC
80,A Concise Guide to Writing a Thesis or Dissertation: Educational Research and Beyond,"Kornuta,Halyna M. ; Germaine,Ron W.",Education,Thesis and Dissertation Writing / Educational Research Methods,"A Concise Guide to Writing a Thesis or Dissertation: Educational Research and Beyond is a practical guide for students and researchers preparing theses, dissertations, and other formal research reports. It explains how to plan, organize, format, and write a research study and follows the structure commonly used in a five-chapter research study. The book covers writing quality, research questions, literature reviews, methodology, findings and analysis, conclusions, recommendations, APA-related skills, research planning, and scholarly writing. Routledge describes it as a concise guide for organizing and writing a thesis or dissertation.","thesis writing,dissertation writing,academic writing,educational research,research methodology,research proposal,research design,literature review,research questions,research objectives,data analysis,findings,conclusions,recommendations,scholarly writing,apa style,academic research,research planning,purpose statements,research ethics,thesis organization,dissertation handbook",intermediate,LB 2369 K6 2019,2019\2nd ed,,available,on the shelf,NWU ERC OPAC
81,A Course Module for Foundations of Early Childhood Education,"Macan, April Easter U.; Abutal, Dulce Monina Constancia P.; Yuson, Marie Rose A.; Peralta, Eric Paul D.",Education,Early Childhood Education / Foundations of Education,"A Course Module for Foundations of Early Childhood Education is a course module designed to provide foundational knowledge about early childhood education. It examines the historical, Philippine, philosophical, psychological, and legal foundations of early childhood education. The module also introduces major educational ideologies and psychological theories that influence early childhood learning and development and discusses international and Philippine policies affecting early childhood education. The work is part of the TEACH series and follows an outcomes-based education approach.","early childhood education,foundations of early childhood education,ece,preschool education,child development,philippine early childhood education,history of education,educational philosophy,educational psychology,educational theories,romanticism,cultural transmission,progressivism,psychodynamic theory,behavioral theory,cognitive theory,sociocultural theory,bioecological theory,multiple intelligences,maturational-development theory,humanistic theory,brain-based theory,education policy,philippine education law,k–12 education,education 2030,outcomes-based education,obe",intermediate,LB 1139.23 C6 2020,2020,,available,on the shelf,NWU ERC OPAC
82,A Course Module for Inclusive Education in Early Childhood Settings,"Yuzon, MArie Rose Atos; Ligon, Clarissa Carmelita Mariano; Halal, Cristina Nieves Aligada; Padilla, Cristina Rowena Salcedo",Education,Inclusive Education / Early Childhood Special Education,"A Course Module for Inclusive Education in Early Childhood Settings is a course module designed to introduce student teachers to the foundations and practices of inclusive education in early childhood settings. It discusses the legal and social foundations of inclusion, inclusive cultures and policies, developmental milestones and red flags, inclusive learning environments, assessment, skill development, and strategies for supporting children with additional needs. It also addresses children from marginalized groups, including child laborers, Indigenous children, abused children, refugees and displaced children, and children at risk. The module includes activities involving reflection, interviews, school visits, program examination, and development of inclusive programs and plans.","inclusive education,early childhood education,early childhood settings,special education,children with disabilities,children with additional needs,inclusive learning environment,inclusive practices,inclusive policies,developmental milestones,developmental red flags,early childhood programs,authentic assessment,self-care skills,social development,speech and language development,early literacy,cognitive development,difficult behaviors,marginalized children,child laborers,indigenous peoples,abused children,refugees,displaced children,children at risk,philippine education",intermediate,LC 4704 C6 2021,2021,,available,on the shelf,NWU ERC OPAC
83,A Course Module for Instructional Technology in Early Childhood Education,"Contreras, Josephine Garcia; Faustino, Jpel Bernal",Education,Instructional Technology / Early Childhood Education,"A Course Module for Instructional Technology in Early Childhood Education is a teacher-education module focused on the appropriate use of technology and instructional media in early childhood settings. It introduces the foundations of learning, instructional planning involving technology and media, instructional approaches, traditional and digital media, and the evaluation of technology for young children. The module is designed to help future teachers develop the knowledge and skills needed to use technology in creating effective, engaging, and developmentally appropriate learning experiences.","instructional technology,educational technology,early childhood education,early childhood teaching,technology in education,instructional media,educational media,digital media,traditional media,technology integration,instructional planning,teaching strategies,computer-assisted instruction,technology evaluation,young children,early childhood learning,teacher education,digital learning,philippine education,teach series",intermediate,LB 1028.3 C6 2021,2021,,available,on the shelf,NWU ERC OPAC
84,"A Course Module for Personhood Education: Curriculum, Pedagogy, and Assessment","Bercando, Mark Anthony V.; del Rosario, Katherine E.; Ligon, Clarissa Carmelita Mariano; Aldama, Prince Kennex R.",Education,Personhood Education / Values Education / Educational Assessment,"A Course Module for Personhood Education: Curriculum, Pedagogy, and Assessment is an education module that focuses on the curriculum, pedagogy, and assessment of Personhood Education in the Philippine educational setting. It introduces the development of moral values and personhood, discusses the elementary personhood curriculum, and presents instructional planning and teaching strategies. The book also provides assessment strategies and examples that can be used in evaluating classroom learning.","personhood education,values education,moral development,moral values,personality development,curriculum,elementary education,educational pedagogy,instructional planning,teaching strategies,learning experiences,assessment strategies,educational assessment,curriculum development,teacher education,philippine education,self-development,human development,character education,obe,outcomes-based education",intermediate,QP 84 C6 2020,2020,,available,on the shelf,NWU ERC OPAC
85,A Course Module for Teaching Physical Education and Health in the Elementary Grades,"Del Rosario, Vince R.; Diego, Ruzzel M.; Faustino, Joel B.; Padernal. Rowel S.",Education,Physical Education and Health / Elementary Education,"A Course Module for Teaching Physical Education and Health in the Elementary Grades is a teacher-education module focused on the planning, teaching, and assessment of physical education and health in elementary schools. It discusses the physical education and health curriculum, its goals and components, child-centered and activity-based approaches, instructional planning, instructional models and strategies, and assessment methods. The module also addresses demonstration, problem-solving, drill and practice, games, role-play, performance-based assessment, authentic assessment, and rubric development.","physical education,health education,elementary physical education,elementary health education,physical education teaching,pe teaching strategies,health education teaching,instructional planning,instructional models,activity-centered learning,child-centered learning,assessment in physical education,performance-based assessment,authentic assessment,rubrics,demonstration,problem-solving,drill and practice,games,role-play,elementary education,teacher education,philippine education,k–12 education",intermediate,GV 361 D4 2021,2021,,available,on the shelf,NWU ERC OPAC
86,A Focus on Fractions: Bringing Mathematics Education Research to the Classroom,"Petit, Marjorie M.; Laird, Robert E; .Ebby, Caroline B.; Marsden, Edwin L.",Education,Elementary and Middle School Mathematics / Fraction In,"A Focus on Fractions: Bringing Mathematics Education Research to the Classroom is a research-based mathematics education resource designed for pre-service and in-service K–8 mathematics teachers. The third edition connects research on how students learn fractions with classroom instruction through annotated examples of student work, classroom vignettes, instructional links, and the OGAP Fraction Framework and Progression. It focuses on developing conceptual understanding of fractions and using evidence of student thinking to guide instructional decisions.","fractions,mathematics education,mathematics teaching,fraction instruction,elementary mathematics,middle school mathematics,k–8 mathematics,fraction concepts,rational numbers,visual models,fraction equivalence,comparing fractions,ordering fractions,number lines,density of fractions,addition and subtraction of fractions,multiplication and division of fractions,student thinking,student work,formative assessment,instructional strategies,ogap fraction framework,ogap fraction progression,conceptual understanding,mathematics research,teacher education",intermediate,QA1 37 P4 2023,2023/THIRD EDITION./,,available,portal,NWU ERC OPAC
87,A Focus on Fractions Bringing Mathematics Education Research to the Classroom,"Marjorie M. Petit, Robert E. Laird, Caroline B. Ebby, Edwin L. Marsden",Education,Fractions and Ratio & Proportion / Mathematics Teaching,"A Focus on Fractions: Bringing Mathematics Education Research to the Classroom is a mathematics education resource that connects research on students' understanding of fractions with practical classroom instruction. It is intended for pre-service and practicing K–8 mathematics teachers and focuses on fraction concepts, visual models, equivalence, comparison, number lines, density, and operations with fractions. The third edition incorporates the OGAP Fraction Framework and Progression to help teachers use evidence of student thinking to guide instruction.","fractions,mathematics education,mathematics teaching,fraction instruction,ratio and proportion,elementary mathematics,middle school mathematics,k–8 mathematics,rational numbers,fraction concepts,visual models,fraction equivalence,comparing fractions,ordering fractions,number lines,density of fractions,addition and subtraction of fractions,multiplication and division of fractions,student thinking,formative assessment,instructional strategies,ogap fraction framework,ogap fraction progression,conceptual understanding,mathematics research,teacher education",intermediate,QA137,2023,,available,portal,NWU ERC OPAC
88,A Focus on Ratios and Proportions: Bringing Mathematics Education Research to the Classroom,"Petit,Marjorie M., Laird,Robert E., Wyneken,Matthew F. Huntoon,Francess R., Abele-Austin,Mary D., Sequeira,Jean D.",Education,"Ratios, Proportions, and Middle School Mathematics","A Focus on Ratios and Proportions: Bringing Mathematics Education Research to the Classroom is a mathematics education resource designed to make research on ratios and proportions accessible to pre-service and in-service teachers of grades 6–8. It uses annotated student work, classroom examples, and research from the Ongoing Assessment Project (OGAP) to help teachers understand how students develop proportional reasoning and how evidence of student thinking can inform instructional decisions.","ratios,proportions,ratio and proportion,mathematics education,mathematics teaching,middle school mathematics,grades 6–8,proportional reasoning,mathematics research,student thinking,student work,fraction concepts,rates,percentages,ratio problems,proportion problems,cross-products,ogap,ogap proportionality framework,ogap ratio and proportion progression,instructional strategies,formative assessment,conceptual understanding,teacher education",intermediate,QA117 .P4 2020,2020,,available,portal,NWU ERC OPAC
89,"A Guide to Best Practice in Special Education, Health and Social Care: Making the System Work to Meet the Needs of Children, Young People and Their Families","Tutt, Rona ; Williams, Paul",Education,Special Education / Inclusive Education / Educational Policy,"A Guide to Best Practice in Special Education, Health and Social Care examines developments in education, health, and social care services in Great Britain and their implications for children, young people, families, and professionals. It focuses particularly on the SEND system, children's social care, integrated health and care services, government policy, funding, accountability, and cooperation among professionals. The book combines policy analysis with practical examples, conversations, and case studies to explain how services can work together to achieve better outcomes for children and families.","special education,inclusive education,send,special educational needs,disabilities,children with disabilities,educational policy,health and social care,children's social care,integrated care,education policy,government policy,education law,special education teachers,professional collaboration,family support,children's services,social care,health and care act 2022,send green paper,integrated care systems,educational inclusion,child welfare,great britain",intermediate,LC 3986 T8 2023,2023,,available,portal,NWU ERC OPAC
90,A Handbook of Values Education Strategies and Techniques for the Development of Interpersonal Relationships,"Andres, Tomas Quintin D. and Andres, Pilar Corazon I.",Education,Values Education / Interpersonal Relationships,"A Handbook of Values Education Strategies and Techniques for the Development of Interpersonal Relationships is a Philippine education resource focusing on values education and the development of healthy interpersonal relationships. It presents strategies and techniques for applying values education to personal and social relationships, with emphasis on Filipino values and interpersonal behavior. Philippine library catalogs identify the work as Volume II and classify it under education and values education.","values education,values education strategies,values education techniques,interpersonal relationships,interpersonal relations,filipino values,conduct of life,character education,moral education,personal development,social relationships,human relationships,values formation,values development,philippine education,education strategies,relationship skills",intermediate,BD 431 A5 1994,1994,,available,on the shelf,NWU ERC OPAC
91,Integrating educational technology into teaching,"Roblyer, M.D.; Doering, Aaron H.",Education,Educational Technology and Instructional Design,"Integrating Educational Technology into Teaching presents a comprehensive framework for incorporating digital tools, media, and instructional technology into K-12 and higher education classrooms. Authored by M.D. Roblyer and Aaron H. Doering, the text introduces the Technology Integration Planning (TIP) model, instructional software, distance learning platforms, digital assessment tools, and practical strategies for lesson planning and media integration.","educational technology,technology integration,instructional design,tip model,digital learning,distance education,instructional software,classroom technology,teacher education,pedagogy",intermediate,LB 1028.3 R6 2013,2013,,available,on the shelf,NWU ERC OPAC
92,Introduction to health education,"Greene, Wlater H. Simons-Morton, Bruce G.",Education,Health Education and Pedagogy,"Introduction to Health Education provides a foundational overview of the principles, theories, and practices of health instruction and promotion for educators and community health specialists. Authored by Walter H. Greene and Bruce G. Simons-Morton, the textbook examines health behavior theories, curriculum development, instructional planning, school health programs, community-based health promotion, and evaluation strategies designed to foster healthy lifestyles among students and populations.","health education,health instruction,health promotion,school health programs,curriculum planning,behavioral change,community health,pedagogy,health promotion strategies,teacher education",beginner,RA 440 G1 1984,1984,,available,on the shelf,NWU ERC OPAC
93,Introduction to movement education : an individualized approach to teaching physical education,"Kirchner, Glen ; Cunningham, Jean ; Warrell, Eileen",Education,Physical Education and Pedagogy,"Introduction to Movement Education: An Individualized Approach to Teaching Physical Education presents a student-centered framework for elementary physical education and motor skill development. Authored by Glen Kirchner, Jean Cunningham, and Eileen Warrell, the textbook focuses on teaching fundamental movement concepts—such as body awareness, space, effort, and relationships—through problem-solving, guided discovery, and individualized instruction tailored to primary and elementary school learners.","movement education,physical education,elementary pedagogy,motor skill development,individualized instruction,body awareness,space awareness,movement concepts,physical fitness,teacher preparation",beginner,GV 341 K5 1970,1970,,available,on the shelf,NWU ERC OPAC
94,Introduction to physical education : a humanistic perspective,"Kalakian, Leonard; Goldman, Myra",Education,Physical Education and Pedagogy,"Introduction to Physical Education: A Humanistic Perspective presents a learner-centered, holistic approach to physical education and movement studies. Authored by Leonard Kalakian and Myra Goldman, the textbook explores the philosophical, historical, and humanistic foundations of physical culture, emphasizing self-actualization, body image, movement satisfaction, social interaction, and the personal values of physical activity in teacher education and curriculum development.","physical education,humanistic perspective,physical culture,movement philosophy,learner-centered teaching,body awareness,movement education,holistic education,teacher preparation,physical fitness",beginner,GV 341 K2 1976,1976,,available,on the shelf,NWU ERC OPAC
95,Introduction to physical education : a contemporary careers approach,"Pestolesi, Robert A. ; Baker, Cindi",Education,Physical Education and Pedagogy,"Introduction to Physical Education: A Contemporary Careers Approach offers a comprehensive survey of the physical education profession, sport sciences, and emerging career opportunities in health, fitness, and instruction. Authored by Robert A. Pestolesi and Cindi Baker, the textbook covers the historical, philosophical, and biological foundations of physical education while providing prospective educators and professionals with guidance on teaching pathways, coaching, exercise science, sports management, and professional certification.","physical education,sports science,career pathways,coaching,exercise science,physical fitness,teacher preparation,sports management,health education,professional development",beginner,GV 362 P4 1984,1984,,available,on the shelf,NWU ERC OPAC
96,Introduction to physical education : concepts of human movement,"Cheffers, Jon, ed.; Evanl, Tom, ed.",Education,Physical Education and Pedagogy,"Introduction to Physical Education: Concepts of Human Movement provides a foundational overview of human movement science, kinesiology, and physical education pedagogy. Edited by Jon Cheffers and Tom Evaul, the text explores movement concepts, physical development, biomechanics, motor skill learning, and effective teaching methodologies for physical educators.","physical education,human movement,kinesiology,motor skills,movement concepts,physical development,pedagogy,movement science,teacher education",beginner,GV 342 I5 1978,1978,,available,on the shelf,NWU ERC OPAC
97,"Introduction to physical education, fitness, and sport","Siedentop, Daryl",Education,Physical Education and Pedagogy,"Introduction to Physical Education, Fitness, and Sport offers a comprehensive introduction to the fields of physical education, exercise science, and sports management. Authored by Daryl Siedentop, the textbook examines historical foundations, physical fitness concepts, sport sociology, professional career options, and pedagogical approaches to teaching physical activity.","physical education,fitness,sports management,sport science,physical activity,exercise science,pedagogy,sports sociology,health education",beginner,GV 341 S5 2003,2003,,available,on the shelf,NWU ERC OPAC
98,Introduction to research in education,"Ary, Donald",Education,Educational Research and Statistics,"Introduction to Research in Education provides a fundamental, step-by-step guide to understanding, planning, and conducting educational research. Authored by Donald Ary, this classic textbook covers quantitative and qualitative research methodologies, research design, data collection, sampling techniques, hypothesis testing, and action research for prospective teachers and researchers.","educational research,research methods,quantitative research,qualitative research,action research,data collection,research design,teacher education,educational statistics",beginner,LB 1028 A7 2010,2010,,available,on the shelf,NWU ERC OPAC
99,Introduction to the foundations of American education,"Johnson, James Allen, et al.",Education,Foundations of Education and Social Thought,"Introduction to the Foundations of American Education explores the historical, philosophical, sociological, and legal foundations underlying modern education systems. Authored by James Allen Johnson et al., the text examines educational philosophy, curriculum evolution, school governance, diversity, and public education policy essential for initial teacher preparation.","foundations of education,educational history,philosophy of education,school governance,educational policy,public education,teacher preparation,educational sociology",beginner,LB 17 I5 1993,1993,,available,on the shelf,NWU ERC OPAC
100,Invitation to physical education,"Lawson, Hal A.",Education,Physical Education and Pedagogy,"Invitation to Physical Education introduces prospective educators and practitioners to the discipline of physical education and human movement. Authored by Hal A. Lawson, the textbook examines the philosophy, history, professional identity, and pedagogical approaches essential for teaching physical activity, sport, and health in educational settings.","physical education,human movement,physical activity,pedagogy,teacher preparation,sport studies,physical culture,health education",beginner,GV 362 L3 1984,1984,,available,on the shelf,NWU ERC OPAC
101,Control Systems Engineering,"Nise, Norman S.",Engineering,Control Systems Engineering,"A comprehensive textbook on the analysis and design of feedback control systems. It covers system modeling in the frequency and time domains, time response, reduction of multiple subsystems, stability, steady-state errors, root locus techniques, frequency response techniques, state-space methods, and digital control systems. The book emphasizes practical engineering applications through case studies, computer-aided analysis and design, simulations, virtual experiments, and laboratory activities. It also integrates tools such as MATLAB, Simulink, and LabVIEW to support the application of control-system concepts to real engineering systems.","control systems,control systems engineering,automatic control,systems engineering,feedback systems,system modeling,frequency-domain modeling,time-domain modeling,transfer functions,time response,stability,steady-state errors,root locus,frequency response,state-space analysis,digital control systems,computer-aided design,matlab,simulink,labview,engineering control systems",advanced,TK 213 N5 2019,2019/8TH/,,available,portal,NWU ERC OPAC
102,CIRP Encyclopedia of Production Engineering,"Laperrière, Luc; Reinhart, Gunther",Engineering,Production Engineering,"A comprehensive reference work covering fundamental and advanced concepts in production engineering, manufacturing, and production-related technologies. It provides definitions, explanations, and expert-reviewed articles on topics including abrasive processes, assembly, cutting, design, electrophysical and chemical processes, forming, life cycle engineering, machines, precision engineering and metrology, production systems and organizations, and surfaces. The encyclopedia also addresses technological, operational, and economic aspects of production and logistics and is intended for researchers, engineers, managers, graduate students, and practitioners in production engineering and related fields.","production engineering,manufacturing engineering,industrial engineering,production systems,production management,manufacturing technologies,production processes,design engineering,computer-aided design,computer-aided engineering,machining,assembly,forming,abrasive processes,cutting,metrology,precision engineering,life cycle engineering,production logistics,manufacturing systems,production technology",advanced,R T S176 .C57 2015,2015,,available,portal,NWU ERC OPAC
103,Engineering Economy,"Blank, Leland; Tarquin, Anthony",Engineering,Engineering Economy,"A comprehensive textbook that presents the principles and methods used to evaluate the economic consequences of engineering decisions. It covers the time value of money, interest and cash-flow analysis, present worth and annual worth, rate of return, benefit/cost analysis, replacement decisions, inflation, cost estimation, depreciation, after-tax economic analysis, sensitivity analysis, and decision-making under risk. The book also emphasizes engineering economic studies, professional ethics, spreadsheet applications, and the evaluation of alternatives in practical engineering situations.","engineering economy,engineering economics,economic analysis,engineering decision making,time value of money,interest rates,cash flow,economic equivalence,present worth analysis,annual worth analysis,rate of return,benefit-cost analysis,replacement analysis,cost estimation,inflation,depreciation,after-tax analysis,sensitivity analysis,risk analysis,spreadsheet analysis,engineering ethics",advanced,TA 177.4 B4 2018,2018/8TH ED/,,available,on the shelf,NWU ERC OPAC
104,Electrical Engineering for Non-Electrical Engineers,S. Bobby Rauf,Engineering,Electrical Engineering,"A practical introduction to fundamental electrical engineering concepts and principles designed for engineers and non-engineers who need to understand electrical systems and equipment. The book covers direct-current and alternating-current fundamentals, circuit analysis, basic electronic devices, electrical power, power factor, electrical power billing, motors and generators, power distribution equipment, instrumentation and electrical safety, electrical standards, electrical drawings, energy cost savings, lighting systems, and batteries. It uses practical examples, exercises, self-assessment problems, and updated illustrations to support the application of electrical engineering concepts in engineering and industrial settings.","electrical engineering,electrical systems,direct current,dc circuits,alternating current,ac circuits,circuit analysis,electronic devices,electrical power,ac and dc power,power factor,electrical power billing,electric motors,generators,power distribution,instrumentation,electrical safety,national electrical code,nfpa 70e,electrical standards,electrical drawings,lighting systems,batteries,energy cost savings",intermediate,TK146 .R28 2022,2022,,available,portal,NWU ERC OPAC
105,Introduction to Software Engineering,Ronald J. Leach,Engineering,Computer Science,"An introductory textbook on the principles, processes, and practices of software engineering. It presents software development as an engineering discipline and covers software life-cycle models, project management, requirements engineering, software design, coding, testing and integration, delivery and documentation, maintenance and software evolution, and current research issues. The second edition also discusses agile development, open-source software, cloud computing, software reuse, software metrics, configuration management, quality assurance, and software project management. A major software project and case studies are used throughout the book to connect software engineering concepts with practical development activities.","software engineering,software development,software life cycle,software development processes,project management,requirements engineering,requirements elicitation,requirements traceability,software design,software architecture,design patterns,object-oriented design,coding,coding standards,software testing,black-box testing,white-box testing,software integration,quality assurance,software reliability,software maintenance,software evolution,agile software development,software reuse,software metrics,configuration management,software project estimation,software project scheduling,computer-aided software engineering,software documentation,software engineering research",intermediate,QA76.758 .L33 2016,2016/2nd ED,,available,portal,NWU ERC OPAC
106,Functional reverse engineering of machine tools,"Khan, Wasim Ahmed and 6 others",Engineering,Manufacturing and Mechanical Engineering,"The purpose of this book is to develop capacity building in strategic and non-strategic machine tool technology. The book contains chapters on how to functionally reverse engineer strategic and non-strategic computer numerical control machinery. Numerous engineering areas, such as mechanical engineering, electrical engineering, control engineering, and computer hardware and software engineering, are covered. The book offers guidelines and covers design for machine tools, prototyping, augmented reality for machine tools, modern communication strategies, and enterprises of functional reverse engineering, along with case studies.","functional reverse engineering,machine tools,reverse engineering,cnc machinery,computer numerical control,machine-tool design,manufacturing engineering,mechanical engineering,electrical engineering,control engineering,machine-tool prototyping,sensors,transducers,actuators,metrology,machine vision,computational analysis,control systems,augmented reality,internet of things,iot,engineering design,manufacturing technology",advanced,TA168.5 F8 2020,2020,"Introduction to Reverse Engineering and Machine Tools, Functional Decomposition and System Analysis, Digitization and 3D Data Acquisition Techniques, CAD Reconstruction and Parametric Modeling, Material Characterization and Failure Analysis, Manufacturing and Prototyping in Reverse Engineering, Case Studies on Machine Tool Re-Engineering",available,portal,NWU ERC OPAC
107,Environmental Inorganic Chemistry for Engineers,"SPEIGHT, JAMES G.",Engineering,Environmental Chemistry,"Environmental Inorganic Chemistry for Engineers explains the principles of inorganic contaminant behavior, also applying these principles to explore available remediation technologies, and providing the design, operation, and advantages or disadvantages of the various remediation technologies.Written for environmental engineers and researchers, this reference provides the tools and methods that are imperative to protect and improve the environment. The book's three-part treatment starts with a clear and rigorous exposition of metals, including topics such as preparations, structures and bonding, reactions and properties, and complex formation and sequestering.This coverage is followed by a self-contained section concerning complex formation, sequestering, and organometallics, including hydrides and carbonyls. Part Two, Non-Metals, provides an overview of chemical periodicity and the fundamentals of their structure and properties.","environmental inorganic chemistry,environmental chemistry,environmental engineering,inorganic chemicals,inorganic contaminants,inorganic pollutants,industrial inorganic chemistry,metals,non-metals,inorganic compounds,chemical properties,chemical reactions,complex formation,sequestering,environmental pollution,pollutant sources,environmental contamination,environmental transformation,environmental regulations,pollution remediation,contaminant removal,environmental remediation",advanced,TD 193 S6 2017,2017,"Introduction to Environmental Inorganic Chemistry, Aquatic Chemistry and Inorganic Pollutants, Soil and Geochemical Interactions of Inorganic Elements, Atmospheric Inorganic Chemistry and Air Quality, Heavy Metals and Toxic Element Behavior, Water and Wastewater Treatment Technologies, Environmental Remediation and Pollution Abatement",available,portal,NWU ERC OPAC
108,"Mechanical engineers handbook : design, instrumentation, and controls; vol 2","Kutz, Myer",Engineering,Mechanical Engineering,"This second volume of Mechanical Engineers' Handbook covers electronics, MEMS, and instrumentation and control, giving you accessible and in-depth access to the topics you'll encounter in the discipline: computer-aided design, product design for manufacturing and assembly, design optimization, total quality management in mechanical system design, reliability in the mechanical design process for sustainability, life-cycle design, design for remanufacturing processes, signal processing, data acquisition and display systems, and much more.","mechanical engineering,mechanical design,engineering design,computer-aided design,cad,product design,design for manufacturing and assembly,design optimization,reliability engineering,sustainability,life-cycle design,maintainability,virtual reality,physical ergonomics,electrical circuits,measurements,instrumentation,signal processing,data acquisition,systems engineering,dynamic systems,control systems,feedback control,neural networks,mechatronics,microelectromechanical systems,mems,engineering handbook",advanced,TJ 151 M4 2014,2014,"Materials and Engineering Mechanics, Design, Instrumentation, and Controls, Manufacturing and Management, Energy and Power, Thermal Engineering Systems, Digital Thread and Computer-Aided Design",available,portal,NWU ERC OPAC
109,Managing indoor environments and energy in buildings with integrated intelligent systems,"Nikolaou, Triantafyllia",Engineering,Building Energy and Environmental Engineering,"A specialized engineering book on the use of integrated intelligent systems to improve energy efficiency and indoor environmental conditions in buildings. It covers building energy-efficiency classification, energy benchmarking and rating, building simulation and audits, virtual building datasets, environmental rating, energy efficiency, indoor thermal comfort, indoor air quality, and alternative measures for improving building performance. The book also discusses regulations, directives, standards, simulation models, algorithms, and energy-management approaches for buildings.","building energy management,building energy efficiency,energy efficiency,intelligent building systems,intelligent control systems,indoor environment,indoor air quality,thermal comfort,building energy performance,energy benchmarking,energy rating,energy classification,energy labeling,building simulation,energy audits,office buildings,virtual building dataset,environmental rating,building energy management systems,energy conservation,building regulations,energy standards,energy management,building sustainability,environmental engineering",advanced,TH 6021 M3 2015,2015,"Introduction to Intelligent Buildings and Energy Management, Indoor Environmental Quality (IEQ) Parameters and Standards, Smart Sensors and IoT Networks in Buildings, Control Strategies for HVAC and Lighting Systems, Artificial Intelligence and Fuzzy Logic in Building Automation, Integrated Energy Performance Monitoring and Optimization, Case Studies in Smart Building Operations",available,portal,NWU ERC OPAC
110,Automobile Engineering,"Singal, R K.",Engineering,Automobile Engineering,"A comprehensive textbook covering the fundamental principles, components, systems, and operation of automobiles. It focuses on the engineering aspects of automobile design and operation, including vehicle construction, automobile engines, fuel and cooling systems, transmission systems, braking, steering, suspension, wheels and tyres, and automotive electrical systems. The book is suitable for students studying automobile and mechanical engineering and provides a foundation for understanding the major systems and technologies used in modern vehicles. The publisher confirms the book as an automobile-engineering title by Dr. R.K. Singal.","automobile engineering,automotive engineering,automobile design,vehicle engineering,automobile components,chassis,vehicle body,automobile engines,internal combustion engines,engine systems,fuel systems,cooling systems,lubrication systems,transmission systems,clutch,gearbox,propeller shaft,differential,braking systems,steering systems,suspension systems,wheels and tyres,automotive electrical systems,vehicle performance,mechanical engineering",intermediate,TL 145 S3 2017,2017/3RD ED/,,available,on the shelf,NWU ERC OPAC
111,A Guide to Bioethics,"Kornyo, Emmanuel A.",Engineering,Bioethics,"A concise guide to contemporary bioethical issues arising from advances in biotechnology, genetics, medicine, and bioengineering. The book examines ethical questions surrounding genomic information, genetic testing, biotechnology, genetic engineering, gene editing, patents, precision medicine, and the regulation of emerging biomedical technologies. It also considers the relationship between bioethics, law, public policy, and technological development. The book is intended for readers in bioethics, biomedical sciences, medicine, nursing, allied health, science education, and related fields.","bioethics,biomedical ethics,biotechnology ethics,bioengineering ethics,medical ethics,genetics,genetic engineering,genetic testing,genomic information,gene editing,genetic bioengineering,biotechnology,precision medicine,bioethical issues,ethical regulation,bioethics and law,biotechnology policy,biomedical policy,genes and patents,ethico-regulatory trends,medical technology,biotechnology regulation",intermediate,QH 332 K7 2018,2018,A General Introduction. Ethics. The Bioethics of Genetics. Law and Bioethics. Genes and Patents. Genetic Bioengineering. Gene Editing. Ethico-Regulatory Trends. Conclusions and Perspectives.,available,portal,NWU ERC OPAC
112,"A Dictionary of Construction, Surveying, and Civil Engineering","Gorse, Christopher A., Johnston, David; Pritchard, Martin",Engineering,Civil Engineering,"A comprehensive reference dictionary covering terminology used in construction, surveying, civil engineering, construction technology and practice, construction management, and related legal and professional areas. The 2020 second edition contains more than 8,000 entries, including over 600 new entries addressing sustainability, emerging technologies, disaster management, building software, and other developments in the built environment. Entries are supported by illustrations, web links, and suggestions for further reading, making the dictionary useful for engineering students, surveyors, construction professionals, and researchers.","civil engineering,construction engineering,construction technology,surveying,building construction,construction management,construction practice,engineering terminology,building technology,structural engineering,geotechnical engineering,construction materials,concrete,steel,masonry,building services,building performance,sustainability,sustainable construction,energy efficiency,building envelope,environmental engineering,construction contracts,procurement,project management,disaster management,engineering standards,construction software,infrastructure,surveying terminology",advanced,R TH9 .G677 2020,2020,,available,portal,NWU ERC OPAC
113,Construction Failure,"Feld, Jacob Carper, Kenneth L.",Engineering,Structural and Construction Engineering,"A comprehensive reference on the causes, analysis, and prevention of failures in buildings and other constructed structures. The second edition examines technical and procedural failures, natural hazards and unusual loads, earthworks and foundation problems, dams and bridges, timber, steel, reinforced concrete, precast and prestressed concrete, masonry, nonstructural failures, construction safety, and construction litigation. It uses case studies to illustrate how design, materials, construction practices, environmental conditions, and procedural factors can contribute to structural failure. The book is intended for design engineers, architects, construction managers, lawyers, and engineering students.","construction failure,structural failure,building failures,structural engineering,construction engineering,forensic engineering,failure analysis,failure investigation,structural safety,construction safety,natural hazards,unusual loads,earthworks,soil mechanics,foundation failures,dams,bridges,timber structures,steel structures,reinforced concrete,precast concrete,prestressed concrete,masonry structures,nonstructural failures,construction defects,construction management,structural collapse,construction litigation,dispute resolution,engineering responsibility,failure case studies",advanced,TH 441 F4 1997,1997/2nd ed./<N/D>,,available,on the shelf,NWU ERC OPAC
114,Fundamentals of Chemical Reaction Engineering,"Holland, Charles D.",Engineering,Chemical Engineering,"A specialized textbook on the principles and quantitative analysis of chemical reactions in chemical engineering. It covers reaction kinetics, rate laws, reaction mechanisms, reactor types, catalytic reactions, homogeneous and heterogeneous reacting systems, and the analysis and design of chemical reactors. The book develops the relationship between reaction kinetics and reactor behavior and provides the theoretical foundation needed for understanding and designing chemical reaction processes.","chemical engineering,chemical reaction engineering,reaction engineering,chemical reactions,chemical reaction kinetics,reaction rates,rate constants,reaction mechanisms,chemical reactors,reactor design,reactor analysis,homogeneous reactions,heterogeneous reactions,catalysis,catalytic reactions,reaction equilibrium,material balances,reaction modeling,chemical process engineering,reactor performance",advanced,TP 149 H6 1989,1989/2nd Ed./<N/D>,,available,on the shelf,NWU ERC OPAC
115,Basic Principles and Calculations in Chemical Engineering,"Himmelblau, David M.",Engineering,Chemical Engineering,"A foundational chemical engineering textbook that develops the principles and calculation methods used to analyze chemical processes. The book emphasizes systematic problem-solving and covers engineering calculations, units and measurements, material balances, chemical reactions, gases, vapors, liquids and solids, energy balances, phase equilibrium, humidity, and related chemical engineering calculations. It is designed to help students develop quantitative problem-solving skills and understand the fundamental balances and physical relationships used in chemical and related process industries.","chemical engineering,chemical engineering calculations,material balances,energy balances,mass balances,chemical process calculations,problem solving,engineering mathematics,units and dimensions,unit conversion,dimensional consistency,significant figures,measurement,moles,density,concentration,temperature,pressure,stoichiometry,chemical reactions,gases,vapors,liquids,solids,ideal gases,real gases,compressibility,vapor pressure,phase equilibrium,vapor-liquid equilibrium,humidity,thermodynamics,process analysis,recycle,bypass,purge,chemical process engineering",intermediate,TP 151 H5 1996,1996/6th Ed/<N/D>,,available,on the shelf,NWU ERC OPAC
116,"Guide to Essential Math: A Review for Physics, Chemistry and Engineering Students","Blinder, S. M",Engineering,Engineering Mathematics,"A review-oriented mathematics book designed for upper-level undergraduate and graduate students in physics, chemistry, and engineering. It focuses on mathematical techniques commonly used in science and engineering rather than presenting mathematics as an abstract subject. The book covers mathematical thinking, numbers, algebra, trigonometry, analytic geometry, calculus, series and integrals, differential equations, matrix algebra, group theory, multivariable calculus, vector analysis, partial differential equations, special functions, and complex variables. The second edition adds new problems and illustrations and expands its treatment of matrix algebra and differential equations.","engineering mathematics,applied mathematics,mathematics for engineers,mathematics for physics,mathematics for chemistry,mathematical methods,mathematical thinking,numbers,algebra,trigonometry,analytic geometry,calculus,differential calculus,integral calculus,series,fourier series,differential equations,matrix algebra,linear algebra,group theory,multivariable calculus,vector analysis,vector calculus,partial differential equations,special functions,complex variables,mathematical problem solving",advanced,QA37.3 B5 2013,2013/2nd ed./,"Basic Algebra and Trigonometry, Functions and Limits, Differential Calculus, Integral Calculus, Multivariable Calculus and Vectors, Differential Equations, Linear Algebra and Matrices, Complex Numbers and Series",available,portal,NWU ERC OPAC
117,Standard Handbook for Civil Engineers,"McGraw Hill, N.Y.",Engineering,Civil Engineering,"A comprehensive professional reference handbook providing practical information and engineering data for civil engineering work. The 1968 edition covers a broad range of civil engineering subjects, including structural engineering, construction, materials, foundations and geotechnical engineering, surveying, hydraulics and water resources, transportation, and related design and construction practices. It is intended as a reference for practicing civil engineers and others involved in planning, design, and construction. Google Books identifies the 1968 McGraw-Hill edition as a 1,354-page civil engineering handbook edited by Frederick S. Merritt.","civil engineering,civil engineering handbook,structural engineering,construction engineering,construction management,construction materials,structural theory,geotechnical engineering,foundations,concrete,structural steel,timber,surveying,earthwork,transportation engineering,highway engineering,bridge engineering,airport engineering,railway engineering,tunnel engineering,water resources,hydraulic engineering,environmental engineering,engineering design,engineering calculations,construction methods,engineering reference",advanced,TA 151 S7 1968,1968//<N/D>,,available,on the shelf,NWU ERC OPAC
118,Fundamentals of Combustion Engineering,"Mukhopadhyay, Achintya",Engineering,Combustion Engineering,"Fundamentals of Combustion Engineering is an introductory yet technically detailed textbook on the fundamental principles of combustion engineering. It covers thermodynamics of reacting systems, chemical kinetics, reactor models, conservation equations, premixed and non-premixed flames, droplet and spray combustion, turbulent combustion, solid-fuel combustion, combustion emissions, and combustion diagnostics. The book also discusses gaseous, liquid, and solid fuels and emerging topics in combustion engineering.","combustion engineering,combustion,thermodynamics,reacting systems,chemical kinetics,reaction engineering,fuels,combustion chemistry,stoichiometry,reactor models,conservation equations,premixed flames,non-premixed flames,droplet combustion,spray combustion,turbulent combustion,solid-fuel combustion,surface reactions,combustion emissions,pollutant emissions,greenhouse gases,combustion diagnostics,heat transfer,mass transfer,microscale combustion,oxy-fuel combustion,combustion dynamics",advanced,TH 254.5 M8 2019,2019,"Introduction to Combustion Processes and Fuels, Thermochemistry and Chemical Thermodynamics, Chemical Kinetics and Reaction Mechanisms, Mass Transfer and Transport Phenomena, Laminar Premixed and Diffusion Flames, Turbulent Combustion and Spray Dynamics, Pollutant Formation and Emissions Control, Applications in Engines and Furnaces",available,portal,NWU ERC OPAC
119,Principles of Computer-Aided Design,"Crelin, Joy, ed.",Engineering,Computer-Aided Design (CAD),"Principles of Computer-Aided Design is a comprehensive reference work covering the principles, technologies, software, applications, and development of computer-aided design. It examines how CAD is used in engineering, architecture, manufacturing, aerospace, automotive design, medicine, animation, and other fields. The book contains 110 alphabetically arranged entries, with topics ranging from CAD fundamentals and computer-aided engineering to 3D printing, building information modeling, robotics, product design, manufacturing processes, and CAD software. Entries provide abstracts, key concepts, detailed discussions, and further reading.","computer-aided design,cad,computer-aided engineering,cae,engineering design,computer-aided mechanical design,cad/cam,cad software,computer modeling,computer simulation,3d modeling,technical drawing,product design,design engineering,design for manufacturability,manufacturing processes,computer numerical control,cnc,robotics,building information modeling,bim,autocad,catia,solidworks,electronic design automation,engineering tolerances,3d printing,prototyping,product lifecycle management,ecodesign,architecture software,aerospace design,civil engineering,mechanical engineering,biomedical engineering",intermediate,TA 174 P7 2022,2022,,available,portal,NWU ERC OPAC
120,"Introducing Technology Computer-Aided Design (TCAD): Fundamentals, Simulations, and Applications","Maiti, Chinmay K.",Engineering,Computer-Aided Design / Semiconductor Technology,"Introducing Technology Computer-Aided Design (TCAD): Fundamentals, Simulations, and Applications is a specialized engineering textbook on the use of technology computer-aided design for semiconductor process and device simulation. It explains TCAD tools, process modeling, device simulation, design for manufacturing, calibration, and simulation workflows. The book covers advanced semiconductor technologies and devices including BiCMOS, SiGe and SiGeC HBTs, silicon hetero-FETs, FinFETs, advanced SOI devices, memory devices, power devices, and solar cells. It also discusses TCAD-based SPICE parameter extraction and online laboratory applications. The book is intended for graduate students, semiconductor engineers, VLSI technology developers, and CAD specialists.","technology computer-aided design,tcad,computer-aided design,computer-aided engineering,cad/cam,semiconductor technology,semiconductor device simulation,process simulation,device modeling,semiconductor process modeling,integrated circuits,ic design,vlsi,microelectronics,nanoelectronics,mosfets,finfets,hbts,sige,sigec,bicmos,silicon hetero-fets,soi,power devices,memory devices,solar cells,spice,parameter extraction,design for manufacturing,dfm,process calibration,stress engineering,semiconductor fabrication,electronic device simulation,tcad tools",advanced,TA 345 M3 2017,2017,"Introduction to Computer-Aided Design, Hardware and Software Principles for CAD, Geometric Modeling Concepts, 2D and 3D Transformations, Surface and Solid Modeling Techniques, CAD Data Exchange and Standards, Integration of CAD with Engineering Analysis",available,portal,NWU ERC OPAC
121,Simulation for Cyber-Physical Systems Engineering: A Cloud-Based Context,"Martín, José L. Risco",Engineering,Cyber-Physical Systems and Computer Simulation,"Simulation for Cyber-Physical Systems Engineering: A Cloud-Based Context is an advanced edited reference book on cloud-based modeling and simulation for cyber-physical systems (CPS). It examines simulation infrastructure, modeling paradigms, simulation methodologies, cloud computing, edge and fog computing, Internet of Things (IoT), distributed simulation, and simulation-as-a-service. The book also presents applications involving embedded and robotic systems, healthcare monitoring, industrial CPS, and cloud-based simulation, with dedicated coverage of reliability, resilience, trust, and other requirements for CPS engineering.","cyber-physical systems,cps,cyber-physical systems engineering,computer simulation,modeling and simulation,cloud-based simulation,cloud computing,simulation-based engineering,simulation technologies,computer modeling,systems engineering,internet of things,iot,embedded systems,distributed simulation,modeling and simulation as a service,msaas,simulation as a service,edge computing,fog computing,cloud infrastructure,simulation services,service composition,simulation scheduling,agent-directed simulation,devs,hybrid cloud,high-performance computing,hpc,real-time systems,robotics,cps resilience,reliability analysis,trust in cps,cps security,simulation-based cps engineering",advanced,TJ 213 S5 2020,2020,,available,portal,NWU ERC OPAC
122,Reed's Basic Electrotechnology for Engineers,"Kraal, Edward G.R.",Engineering,Electrical Engineering / Electrotechnology,"Reed's Basic Electrotechnology for Engineers provides a foundation in electrical and electrotechnical principles for engineering students and marine engineering personnel. It covers fundamental electrical theory, circuit laws, electrical units, conductors and semiconductors, electrochemistry, magnetism and electromagnetism, electromagnetic induction, electrostatics, capacitance, alternating-current theory, AC circuits, three-phase systems, DC generators, and DC motors. The book combines theoretical explanations with worked examples and examination questions, making it suitable as a foundation for more advanced marine electrical and electrotechnical studies.","electrotechnology,electrical engineering,basic electrical engineering,electrical theory,electron theory,electric circuits,ohm's law,kirchhoff's laws,electrical units,conductors,insulators,semiconductors,electrochemistry,batteries,electrochemical corrosion,magnetism,electromagnetism,electromagnetic circuits,electromagnetic induction,faraday's law,lenz's law,electrostatics,capacitance,alternating current,ac circuits,impedance,inductance,power factor,three-phase systems,polyphase systems,dc generators,dc motors,electrical machines,marine engineering,marine electrical engineering",intermediate,TK 145 K8 1988 V.6,1988/rev. & enlarged/6,,available,on the shelf,NWU ERC OPAC
123,Interpreting the National Electrical Code: Based on the 1987 National Electrical Code,"Surbrook, Truman C.",Engineering,Electrical Engineering / Electrical Codes and Standards,"Interpreting the National Electrical Code: Based on the 1987 National Electrical Code is a practical reference for understanding and applying the requirements of the U.S. National Electrical Code (NEC). It explains electrical wiring rules and code requirements in a more accessible form, with emphasis on interpreting provisions, electrical installations, wiring methods, equipment, grounding, overcurrent protection, and other safety requirements. The book is intended to help electricians, electrical inspectors, contractors, students, and other practitioners understand how NEC requirements are applied in practical situations. Surbrook had extensive experience in electrical wiring, inspection, teaching, and NEC training.","national electrical code,nec,electrical code,electrical engineering,electrical wiring,electrical installations,electrical safety,electrical regulations,electrical standards,code interpretation,electrical inspection,electrical inspectors,electrical contractors,wiring methods,conductors,raceways,electrical boxes,branch circuits,feeders,services,grounding,bonding,overcurrent protection,circuit protection,motors,transformers,hazardous locations,health care facilities,emergency power systems,industrial wiring,commercial wiring,special electrical applications,united states electrical standards",intermediate,TK 260 S8 1989,1989/<N/D>/<N/D>,,available,on the shelf,NWU ERC OPAC
124,Greener Energy Systems: Energy Production Technologies with Minimum Environmental Impact,"Jeffs, Eric J",Engineering,Energy Systems and Renewable Energy,"Greener Energy Systems: Energy Production Technologies with Minimum Environmental Impact examines methods of electricity generation and energy production that aim to provide reliable energy while reducing environmental impacts. It discusses the development of electricity supply, risks associated with energy production, combined-cycle power generation, combined heat and power, coal-fired generation, nuclear energy, transportation electrification, and renewable energy systems, particularly hydroelectric and solar power. The book also considers the future of electricity supply and the environmental and technological factors affecting energy production.","greener energy systems,energy systems,energy production,electricity generation,electric power systems,power generation,environmental impact,sustainable engineering,sustainable energy,renewable energy,renewable energy systems,hydroelectric power,solar power,nuclear energy,nuclear power generation,coal-fired power plants,combined-cycle power plants,gas turbines,combined heat and power,chp,cogeneration,energy efficiency,electricity supply,power generation technology,energy production risks,electricity transport,electric transportation,biomass,low-emission energy,clean energy,environmental sustainability",intermediate,TK 1001 J4 2012,2012,,available,on the shelf,NWU ERC OPAC
125,Advances in Power Systems and Energy Management: ETAEERE-2016,"Garg, Amik",Engineering,Electrical Engineering / Power Systems and Energy Management,"An edited collection of research and review articles addressing current developments in power systems and energy management. It focuses on energy efficiency, power-system optimization, modeling, simulation, control, reliability, power electronics, renewable-energy applications, and related engineering technologies. Topics include high-voltage engineering, power-system harmonics, renewable-energy converters, energy harvesting, induction motors, power-flow analysis, wireless sensor networks, and communication technologies for power systems. The book is primarily intended for researchers and senior graduate students, while also being useful to engineers and industry professionals.","power systems,energy management,electrical engineering,power system optimization,energy efficiency,high voltage engineering,power system reliability,power system control,power system protection,power electronics,electrical machines,electrical networks,energy storage systems,renewable energy,power flow analysis,power quality,harmonics,inverters,induction motors,energy harvesting,rf energy harvesting,automatic generation control,hydrothermal power systems,modeling and simulation,matlab,labview,wireless sensor networks,smart energy systems",advanced,TK 1001 A2 2018,2018,,available,on the shelf,NWU ERC OPAC
126,"Essential mathcad for engineering, science, and math ISE","Maxfield, Brent",Engineering,Engineering Computation and Software,"Essential Mathcad for Engineering, Science, and Math provides a hands-on, step-by-step introduction to using Mathcad for solving mathematical, scientific, and engineering problems. It covers essential features including unit management, algebraic functions, calculus operations, matrix algebra, data plotting, symbolic calculations, and programming within the Mathcad environment.","mathcad,engineering math,numerical analysis,symbolic computation,technical calculation,unit management,mathematical modeling,matrix operations,data plotting",intermediate,TA 345 M39 2009,2009/2ND ED./,"Getting Started with Mathcad, Working with Units and Variables, Functions and Graphing Data, Solving Equations and Systems of Equations, Matrix Operations and Linear Algebra, Differential and Integral Calculus, Symbolic Computation in Mathcad, Programming and Data Files in Mathcad",available,on the shelf,NWU ERC OPAC
127,Essentials of software engineering,"Tsui, Frank F.; and Karam, Orlando",Engineering,Software Engineering,"Essentials of Software Engineering provides a comprehensive, systematic overview of software engineering principles, methodologies, and practices. Designed for introductory undergraduate courses, it covers the entire software development lifecycle, including requirements engineering, system architecture and design, software testing, quality assurance, project management, and contemporary development models such as Agile, Scrum, and DevOps.","software engineering,software development lifecycle,requirements engineering,software architecture,software testing,agile methodologies,scrum,software quality assurance,project management",intermediate,QA 76.758 T78 2022,2022/5TH ED./,"Introduction to Software Engineering, Software Process Models and Agile Methodologies, Requirements Engineering and Management, System Architecture and Design Principles, Implementation and Coding Standards, Software Verification and Testing Strategies, Software Quality Assurance and Maintenance, Software Project Management and Metrics",available,on the shelf,NWU ERC OPAC
128,Estimating for building and civil engineering works,"Geddes, Spence",Engineering,Civil and Construction Engineering,"Estimating for Building and Civil Engineering Works provides a practical guide to cost estimation, tendering, and rate analysis for construction and civil engineering projects. It covers fundamental principles of estimating, forms of contract, labor productivity, plant outputs, overheads, and unit-rate calculations across major construction elements including earthworks, concreting, masonry, structural steel, and drainage.","construction estimating,civil engineering,cost estimation,quantity surveying,tendering,unit rates,construction economics,bill of quantities,plant output,labor costs",intermediate,TH 435 G4 1996,1996/9TH ED./,"Introduction, Forms of Contract, Estimating the Total Cost, Labour Including Bonus, Materials, Plant, Preliminaries, Overheads and Establishment Charges, Tendering, Demolitions and Alterations, Piling, Groundwork, Concrete Work, Masonry, Woodwork, Structural Steelwork, Roofing, Surface Finishes, Glazing, Plumbing, Quarry Work, Road, Paths and Platelaying, Drainage",available,on the shelf,NWU ERC OPAC
129,Ethics in engineering,"Martin, Mike W.; and Schinzinger, Roland",Engineering,Engineering Ethics and Professional Practice,"Ethics in Engineering introduces the ethical issues, moral dilemmas, and professional responsibilities encountered in engineering practice. It examines engineering as social experimentation, safety, risk assessment, codes of ethics, environmental protection, global workplace ethics, whistleblowing, and intellectual property to prepare engineers for responsible decision-making.","engineering ethics,professional responsibility,safety and risk,ethical frameworks,moral dilemmas,codes of ethics,whistleblowing,environmental ethics,global engineering",intermediate,TA 157 M33 2005,2005/4TH ED./,"Ethics and Professionalism, Engineering as Social Experimentation, Safety and Risk Assessment, Workplace Responsibilities and Rights, Environmental and Global Ethics, Engineering Ethics in Practice and Decision-Making",available,on the shelf,NWU ERC OPAC
130,Ethics in engineering practice and research,"Whitbeck, Caroline",Engineering,Engineering Ethics and Professional Practice,"Ethics in Engineering Practice and Research addresses real-world moral problem-solving, ethical analysis, and professional responsibility in engineering and scientific research. Utilizing real case studies and practical frameworks, it covers safety and risk, intellectual property, environmental considerations, research integrity, conflict of interest, and ethical issues in design.","engineering ethics,research integrity,professional ethics,safety and risk,intellectual property,moral problem solving,research ethics,conflict of interest,design ethics",intermediate,TA 157 W48 2011,2011/2ND ED./,"Values and Moral Reasoning in Engineering, Responsible Conduct of Research, Safety, Risk, and Liability, Ethics in Engineering Design, Intellectual Property and Fair Trade, Conflicts of Interest and Professional Responsibility, Environmental Ethics and Sustainability",available,on the shelf,NWU ERC OPAC
131,Everyday engineering: putting the E in STEM teaching and learning,"Moyer, Richard H.",Engineering,Engineering Education and STEM,"Everyday Engineering: Putting the E in STEM Teaching and Learning provides educators with hands-on, inquiry-based activities to integrate engineering concepts into middle and high school science classrooms. Using everyday household objects, it demonstrates how the engineering design process can be used to teach problem-solving, design thinking, physics, materials science, and real-world technology applications.","stem education,engineering design process,hands-on learning,middle school science,stem curriculum,inquiry-based learning,physical science,design thinking,everyday engineering",beginner,TA 158 M69 2012,2012,"Introduction to the Engineering Design Process in STEM, Engineering with Everyday Household Objects, Physical Science and Mechanical Engineering Activities, Materials Science and Structural Design Projects, Energy and Environmental Engineering Investigations, Integrating Engineering into Middle and High School Curricula",available,on the shelf,NWU ERC OPAC
132,Everyday engineering: putting the E in STEM teaching and learning,"Everett, Susan A.",Engineering,Engineering Education and STEM,"Everyday Engineering: Putting the E in STEM Teaching and Learning provides educators with hands-on, inquiry-based activities to integrate engineering concepts into middle and high school science classrooms. Co-authored by Susan A. Everett and Richard H. Moyer, it demonstrates how everyday household objects can be analyzed through the engineering design process to foster critical thinking, problem-solving, and STEM literacy.","stem education,engineering design process,hands-on learning,middle school science,stem curriculum,inquiry-based learning,physical science,design thinking,everyday engineering",beginner,TA 158 M69 2012,2012,"Introduction to the Engineering Design Process in STEM, Engineering with Everyday Household Objects, Physical Science and Mechanical Engineering Activities, Materials Science and Structural Design Projects, Energy and Environmental Engineering Investigations, Integrating Engineering into Middle and High School Curricula",available,on the shelf,NWU ERC OPAC
133,Finite elements analysis in geotechnical engineering : application,"Potts, David M.; Zdravkovic, Lidija",Engineering,Geotechnical Engineering,"Finite Element Analysis in Geotechnical Engineering: Application provides comprehensive coverage of practical numerical modeling applications in geotechnical engineering. It covers finite element methods applied to shallow and deep foundations, earth retaining structures, slope stability, tunnels, embankment design, excavation analysis, and coupled consolidation problems, demonstrating how theoretical constitutive models are implemented in real-world geotechnical design.","finite element analysis,geotechnical engineering,numerical modeling,slope stability,soil-structure interaction,retaining walls,foundation engineering,soil mechanics,tunneling,excavation analysis",advanced,TA 710 P68 2001,2001,"Principles of Finite Element Application in Geotechnics, Shallow and Deep Foundations, Earth Retaining Structures and Excavations, Embankments and Slopes, Tunnels and Underground Structures, Seepage and Coupled Consolidation Analysis, Validation and Practical Considerations in Geotechnical Modeling",available,on the shelf,NWU ERC OPAC
134,Fluid mechanics with engineering applications,"Daugherty, Robert L. Franzini, Joseph B. Finnemore, E. John",Engineering,Fluid Mechanics and Hydraulics,"Fluid Mechanics with Engineering Applications delivers a classic, rigorous treatment of fluid statics and dynamics tailored for civil and mechanical engineering students. It covers fluid properties, hydrostatic pressure, fluid kinematics, momentum and energy equations, pipe flow, open channel flow, fluid measurements, dimensional analysis, and turbomachinery, with an emphasis on practical engineering problems.","fluid mechanics,hydraulics,fluid statics,fluid dynamics,open channel flow,pipe flow,hydrodynamics,bernoulli equation,turbomachinery,dimensional analysis",intermediate,TA 357 D38 2002,2002/10TH ED./,"Introduction and Fluid Properties, Fluid Statics, Basics of Fluid Flow, Energy Considerations in Steady Flow, Momentum and Forces in Fluid Flow, Dimensional Analysis and Similitude, Steady Flow in Pipes, Flow in Open Channels, Fluid Measurements, Turbomachinery",available,on the shelf,NWU ERC OPAC
135,Fluid mechanics with engineering applications,"Daugherty, Robert L.",Engineering,Fluid Mechanics and Hydraulics,"Fluid Mechanics with Engineering Applications delivers a classic, rigorous treatment of fluid statics and dynamics tailored for civil and mechanical engineering students. It covers fluid properties, hydrostatic pressure, fluid kinematics, momentum and energy equations, pipe flow, open channel flow, fluid measurements, dimensional analysis, and turbomachinery, with an emphasis on practical engineering applications.","fluid mechanics,hydraulics,fluid statics,fluid dynamics,open channel flow,pipe flow,hydrodynamics,bernoulli equation,turbomachinery,dimensional analysis",intermediate,TC 160 D3 1985,1985/8TH ED./,"Properties of Fluids, Fluid Statics, Kinematics of Fluid Flow, Energy Equation and Flow Measurement, Momentum and Dynamic Forces in Fluids, Dimensional Analysis and Dynamic Similitude, Flow in Pipes and Closed Conduits, Flow in Open Channels, Fluid Machinery and Turbines",available,on the shelf,NWU ERC OPAC
136,Fluid mechanics with engineering applications,"Finnemore, E.John; Franzini, Joseph B.",Engineering,Fluid Mechanics and Hydraulics,"Fluid Mechanics with Engineering Applications delivers a classic, rigorous treatment of fluid statics and dynamics tailored for civil and mechanical engineering students   . It covers fluid properties, hydrostatic pressure, fluid kinematics, momentum and energy equations, pipe flow, open channel flow, fluid measurements, dimensional analysis, and turbomachinery, with an emphasis on practical engineering applications","fluid mechanics,hydraulics,fluid statics,fluid dynamics,open channel flow,pipe flow,hydrodynamics,bernoulli equation,turbomachinery,dimensional analysis",intermediate,TA 357 D3 1989,1989/8TH ED.,"Properties of Fluids, Fluid Statics, Kinematics of Fluid Flow, Energy Considerations in Steady Flow, Momentum and Forces in Fluid Flow, Dimensional Analysis and Similitude, Steady Flow in Pipes, Flow in Open Channels, Fluid Measurements, Turbomachinery",available,on the shelf,NWU ERC OPAC
137,"Formulas, notes and solved problems in engineering mechanics: part II-Dynamics","Asin, Ricardo C.",Engineering,Engineering Mechanics and Dynamics,"Formulas, Notes and Solved Problems in Engineering Mechanics: Part II - Dynamics provides a comprehensive reviewer and problem-solving guide for engineering students preparing for academic examinations and licensure boards. It presents essential formulas, fundamental concepts, and step-by-step solutions covering particle kinematics, force and acceleration (Kinetics), work and energy principles, impulse and momentum, and rigid body dynamics.","engineering mechanics,dynamics,kinematics of particles,kinetics,work and energy,impulse and momentum,rigid body dynamics,solved problems,engineering reviewer",intermediate,TA 350 A85 1985,1985,"Kinematics of Particles (Rectilinear and Curvilinear Motion), Kinetics of Particles (Force, Mass, and Acceleration), Work and Energy Method, Impulse and Momentum Principles, Rotation and Rigid Body Kinematics, Plane Motion of Rigid Bodies, Kinetics of Rigid Bodies",available,on the shelf,NWU ERC OPAC
138,Foundation course in electrical and electronic engineering,"Goodall, Frank",Engineering,Electrical and Electronic Engineering,"Foundation Course in Electrical and Electronic Engineering provides a fundamental introduction to the core principles of electrical circuit theory and electronic devices. Designed for introductory engineering students, it covers DC and AC circuits, electromagnetism, semiconductor devices, operational amplifiers, digital electronics, and basic instrumentation and measurement techniques.","electrical engineering,electronic engineering,dc circuits,ac circuits,electromagnetism,semiconductors,operational amplifiers,digital logic,circuit analysis",beginner,TK 146 G66 1990,1990,"Basic Electrical Concepts and DC Circuits, Electromagnetism and Inductance, Alternating Current Principles, Semiconductor Diodes and Transistors, Operational Amplifiers, Digital Logic and Systems, Electrical Measurements and Instrumentation",available,on the shelf,NWU ERC OPAC
139,Foundation engineering handbook : design and construction with the 2006 international building code,"Day, Robert W.",Engineering,Geotechnical and Structural Engineering,"Foundation Engineering Handbook: Design and Construction with the 2006 International Building Code presents comprehensive design and construction guidelines for soil mechanics, site exploration, and foundation design. Aligned with the International Building Code (IBC), it covers subsurface investigations, shallow and deep foundations, retaining walls, expansive and collapsible soils, foundation settlement, slope stability, and seismic soil structure interaction.","foundation engineering,soil mechanics,site exploration,international building code,shallow foundations,deep foundations,retaining walls,settlement analysis,slope stability,geotechnical design",advanced,TA 775 D39 2006,2006,"Introduction to Foundation Engineering and Building Codes, Subsurface Exploration and Laboratory Testing, Shallow Foundations and Bearing Capacity, Deep Foundations (Piles and Caissons), Retaining Walls and Lateral Earth Pressures, Expansive and Collapsible Soils, Slope Stability and Excavations, Foundation Settlement, Seismic Design and Soil Liquefaction",available,on the shelf,NWU ERC OPAC
140,Foundations of architectural engineering,"Bencheikh, Darda",Engineering,Architectural Engineering,"Foundations of Architectural Engineering provides an integrated overview of building systems, structural mechanics, architectural design principles, and construction materials. It covers key concepts in structural behavior, building envelopes, thermal and environmental performance, lighting, acoustics, and sustainable building technologies necessary for effective architectural engineering practice.","architectural engineering,building systems,structural mechanics,construction materials,building envelope,environmental design,structural analysis,sustainable architecture",intermediate,TH 845 B46 2018,2018,"Introduction to Architectural Engineering, Fundamentals of Building Structural Systems, Construction Materials and Envelopes, Building Environmental Controls and HVAC Integration, Acoustics and Lighting Systems in Architecture, Sustainable Design and Building Integration",available,on the shelf,NWU ERC OPAC
141,Foundations of engineering,"Holtapple, Mark T. Reece, W. Dan",Engineering,General Engineering and Introduction to Engineering,"Foundations of Engineering provides a foundational overview of the engineering profession, problem-solving methodologies, and core engineering concepts for introductory undergraduate students. It covers problem-solving techniques, unit systems and conversions, engineering ethics, statistics, Newton's laws, thermodynamics, and rate processes. The text introduces the unifying concept of ""Engineering Accounting,"" which treats fundamental conservation laws (e.g., mass, momentum, energy, and charge) using systematic accounting frameworks.","introduction to engineering,engineering ethics,engineering accounting,unit conversions,problem solving,thermodynamics,rate processes,mass conservation,energy conservation",beginner,TA 145 H65 2003,2003/2ND ED./,"The Engineering Profession, Problem Solving and Critical Thinking, Engineering Ethics and Professional Responsibility, Units and Physical Quantities, Technical Communications and Graphing, Fundamental Mathematics and Statistics, Engineering Accounting Principles, Accounting for Mass, Accounting for Charge, Accounting for Linear Momentum, Accounting for Angular Momentum, Accounting for Energy, Accounting for Entropy",available,on the shelf,NWU ERC OPAC
142,Foundations of materials science and engineering,"Smith, William F.",Engineering,Materials Science and Engineering,"Foundations of Materials Science and Engineering provides a comprehensive, balanced coverage of the structure, processing, properties, and performance of engineering materials. Designed for introductory materials engineering courses, it covers atomic structure, bonding, crystalline structures, imperfecions, diffusion, mechanical properties, phase diagrams, heat treatment, and major material classes including metals, polymers, ceramics, and composites.","materials science,crystalline structure,phase diagrams,mechanical properties,polymers,ceramics,composites,physical metallurgy,materials selection",intermediate,TA 403 S595 2019,2019/6TH ED./,"Introduction to Materials Science and Engineering, Atomic Structure and Bonding, Crystalline Structures and Imperfections, Diffusion in Solids, Mechanical Properties of Materials, Phase Diagrams and Phase Transformations, Engineering Alloys and Heat Treatment, Ceramics and Glasses, Polymers and Elastomers, Composite Materials, Corrosion and Degradation of Materials",available,on the shelf,NWU ERC OPAC
143,Foundations of materials science and engineering,"Smith William F.; Hashemi, Javad",Engineering,Materials Science and Engineering,"Foundations of Materials Science and Engineering offers a comprehensive, integrated approach to the structure, processing, properties, and performance of engineering materials. Co-authored by William F. Smith and Javad Hashemi, this edition covers atomic bonding, crystal structures, imperfections, diffusion, mechanical properties, phase diagrams, heat treatments, and major material classifications, including metallic alloys, ceramics, polymers, composites, and biomaterials.","materials science,crystalline structure,phase diagrams,mechanical properties,physical metallurgy,polymers,ceramics,composites,biomaterials,materials processing",intermediate,TA 403 S595 2011,2011/5TH ED./,"Introduction to Materials Science and Engineering, Atomic Structure and Bonding, Crystalline Structures and Imperfections, Diffusion in Solids, Mechanical Properties of Metals, Phase Diagrams and Phase Transformations, Engineering Alloys and Heat Treatment, Ceramics and Glasses, Polymers and Elastomers, Composite Materials, Corrosion and Degradation of Materials, Electrical and Optical Properties, Biological and Biomaterials",available,on the shelf,NWU ERC OPAC
144,Fundamentals of chemical reaction engineering,"Holland, Charles D.",Engineering,Chemical Engineering,"Fundamentals of Chemical Reaction Engineering delivers a systematic, rigorous presentation of reaction kinetics and reactor design principles for chemical engineers. Co-authored by Charles D. Holland and Rayford G. Anthony, it covers chemical kinetics mechanisms, homogeneous batch and continuous reactors, multiple reaction pathways, heterogeneous catalysis, mass transport with chemical reaction, non-isothermal reactor behavior, and fluid-solid interactions.","chemical reaction engineering,chemical kinetics,reactor design,heterogeneous catalysis,mass transfer,non-isothermal reactors,batch reactors,plug flow reactors,cstr",advanced,TP 149 H64 1989,1989/2ND ED./,"Basic Concepts in Chemical Reaction Kinetics, Formulation of Material and Energy Balances for Chemical Reactors, Homogeneous Isothermal Reactors, Multiple Chemical Reactions, Heterogeneous Catalysis and External Mass Transfer, Diffusion and Reaction in Porous Catalysts, Non-isothermal Reactor Design and Thermal Stability, Fluid-Solid Non-catalytic Reactions",available,on the shelf,NWU ERC OPAC
145,Fundamentals of chemical reaction engineering,"Davis, Mark E. Davis, Robert J.",Engineering,Chemical Engineering,"Fundamentals of Chemical Reaction Engineering provides a balanced, concise introduction to the quantitative treatment of chemical reaction and reactor engineering for undergraduate students. Co-authored by Mark E. Davis and Robert J. Davis, the book addresses both homogeneous and heterogeneous kinetics, ideal reactor models (batch, CSTR, plug flow), temperature effects, transport limitations in catalysis, non-ideal flow, and biochemical reaction engineering.","chemical reaction engineering,chemical kinetics,reaction rates,reactor design,ideal reactors,heterogeneous catalysis,transport limitations,non-ideal flow,biochemical reactors",intermediate,TP 157 D38 2003,2003,"The Basics of Reaction Kinetics, Analysis of Reaction Rates, Ideal Reactors, Non-Ideal Flow and Mixing, Heterogeneous Catalysis, Transport Phenomena in Catalysis, Non-Isothermal Reactor Design, Biochemical Reaction Engineering",available,on the shelf,NWU ERC OPAC
146,Fundamentals of earthquake engineering,"Elnashai, Amr S.; Di Sarno, Luigi",Engineering,Structural and Earthquake Engineering,"Fundamentals of Earthquake Engineering combines structural dynamics, earthquake geology, and geotechnical hazards into an integrated framework for seismic engineering. Co-authored by Amr S. Elnashai and Luigi Di Sarno, it covers ground motion characteristics, structural response analysis, performance-based earthquake engineering, dynamic modeling, and seismic design provisions for reinforced concrete, steel, and masonry structures.","earthquake engineering,dynamic structural analysis,seismic response,ground motion,performance-based seismic design,soil-structure interaction,structural dynamics,seismic hazard",advanced,TA 654.6 E46 2008,2008,"Introduction to Earthquake Engineering, Earthquake Basics and Ground Motion Characteristics, Structural Response to Ground Motion, Inelastic Behavior and Energy Dissipation, Dynamic Modeling and Structural Analysis, Performance-Based Seismic Design, Assessment and Retrofit of Existing Structures",available,on the shelf,NWU ERC OPAC
147,Fundamentals of electrical engineering and technology,"Stanley, William D.; Hackworth, John R.; and Jones, Richard L.",Engineering,Electrical and Electronic Engineering,"Fundamentals of Electrical Engineering and Technology offers a comprehensive overview of electrical and electronic principles for engineering technology students. Co-authored by William D. Stanley, John R. Hackworth, and Richard L. Jones, it strikes a balance between fundamental theory and practical applications, covering DC/AC circuit analysis, transient circuits, linear and digital electronics, magnetics, three-phase power systems, and electric machinery.","electrical engineering,dc circuits,ac circuits,circuit analysis,digital electronics,transient circuits,magnetic circuits,three-phase systems,electric machinery,operational amplifiers",intermediate,TK 146 S73 2007,2007,"Basic DC Circuits, General DC Circuit Analysis, Transient Circuits, AC Circuits and Phasors, Advanced AC Circuit Analysis, Operational Amplifiers and Analog Electronics, Digital Logic Circuits, Advanced Combinational Logic, Magnetic Circuits and Transformers, Three-Phase AC Power Systems, DC and AC Rotating Machines",available,on the shelf,NWU ERC OPAC
148,Fundamentals of engineering : thermodynamics,"Howell, John R.",Engineering,Mechanical Engineering and Thermodynamics,"Fundamentals of Engineering Thermodynamics presents a comprehensive, classical introduction to thermodynamic principles and engineering applications. Co-authored by John R. Howell and Richard O. Buckius, the text provides clear derivations and practical engineering problems covering thermodynamic properties, energy conservation (First Law), entropy and exergy analysis (Second Law), power and refrigeration cycles, mixtures, and reacting systems.","thermodynamics,first law of thermodynamics,second law of thermodynamics,energy,entropy,enthalpy,ideal gases,power cycles,refrigeration cycles,psychrometrics",intermediate,TJ 265 H69 1987,1987,"Concepts and Definitions, Properties of Pure Substances, First Law Analysis for Closed Systems, Control Volume Energy Analysis, The Second Law of Thermodynamics, Entropy, Availability and Exergy Analysis, Vapor and Gas Power Cycles, Refrigeration and Heat Pump Systems, Thermodynamic Relations, Ideal Gas Mixtures and Psychrometrics, Chemical Reactions and Combustion",available,on the shelf,NWU ERC OPAC
149,Fundamentals of engineering economics,"PArk, Chan S.",Engineering,Engineering Economics and Management,"Fundamentals of Engineering Economics provides a practical and concise introduction to economic analysis for engineering decision-making. Written by Chan S. Park, the text covers fundamental concepts such as the time value of money, cash flow equivalences, present worth and internal rate of return, depreciation methods, corporate income taxes, inflation, risk analysis, and replacement analysis to help engineers evaluate capital investment alternatives.","engineering economics,time value of money,cash flow analysis,present worth,internal rate of return,depreciation,income taxes,cost-benefit analysis,capital budgeting,replacement analysis",intermediate,TA 177.4 P37 2013,2013/3RD ED./,"Engineering Economic Decisions, Time Value of Money, Understanding Money and Its Management, Present-Worth Analysis, Annual Equivalent-Worth Analysis, Rate-of-Return Analysis, Depreciation and Corporate Taxes, Inflation and Economic Analysis, Replacement Decisions, Risk and Uncertainty Analysis",available,on the shelf,NWU ERC OPAC
150,Fundamentals of engineering thermodynamics,V. Babu,Engineering,Mechanical Engineering and Thermodynamics,"Fundamentals of Engineering Thermodynamics provides a rigorous, foundational treatment of thermodynamic principles and energy analysis for undergraduate engineering students. Written by V. Babu, the text covers basic concepts of mass and energy conservation, work and heat interactions, properties of pure substances, the first and second laws of thermodynamics, entropy, exergy analysis, power and refrigeration cycles, psychrometry, and combustion thermodynamics.","engineering thermodynamics,first law of thermodynamics,second law of thermodynamics,entropy,exergy analysis,pure substances,power cycles,refrigeration cycles,psychrometry,combustion thermodynamics",intermediate,TJ 265 B33 2019,2019/2ND ED./,"Introduction, Basic Concepts, Work and Heat, First Law of Thermodynamics, Properties of Pure Substances, First Law Analysis of Systems, First Law Analysis of Control Volumes, Second Law of Thermodynamics, Entropy, Exergy, Thermodynamic Cycles, Psychrometry, Combustion Thermodynamics, Gas Phase Chemical Equilibrium, Compressible Flow in Nozzles",available,on the shelf,NWU ERC OPAC
151,A brief history of international criminal law and International Criminal Court,"Çakmak, Cenap",Law,International Criminal Law,"A concise reference that discusses the development of international criminal law and the establishment and role of the International Criminal Court (ICC). It provides an overview of important historical developments, international crimes, and the legal framework used to hold individuals accountable for serious crimes under international law.","international criminal law,international criminal court,icc,international crimes,war crimes,crimes against humanity,genocide,international justice,criminal law",intermediate,KZ7050 C3 2017,2017,"Historical Background: Evolution of International Criminal Law, Individual Criminal Accountability, and the Idea of a Permanent International Court, A Brief Historical Survey of International Criminal Law and Individual Accountability, Part II: Forming the International Criminal Court, Developments Leading to the Establishment of the ICC Prior to the Rome Conference, The Rome Conference, The Overall Situation at the Outset of the Conference: Little Hope, Much Skepticism, Many Challenges, Negotiations at the Rome Conference, Discussions on the Crimes, Part III: The International Criminal Court in World Politics, Introduction, Overview and Significance of the International Criminal Court (ICC), The ICC Versus National Sovereignty: Analyzing ICC's Performance as a Legal and Political Institution, Global Civil Society and the ICC, US Opposition to the ICC, Conclusion",available,on the shelf,NWU ERC OPAC
152,A law each day (Keeps trouble away) : criminal law ; Part 1,"Sison, Jose C.",Law,Criminal Law,"A legal reference book that discusses fundamental concepts and principles of criminal law. Part 1 focuses on important rules, legal principles, criminal offenses, and concepts that help readers understand the application of criminal law.","criminal law,law,criminal offenses,legal principles,crimes,criminal liability,philippine law,legal rules",intermediate,KPM 3800 S5 2005,2005,"Fundamentals of Criminal Law and Penal Jurisprudence, Principles of Criminal Liability and Conspiracies, Crimes Against Persons, Crimes Against Property, Crimes Against Chastity and Family Rights, Crimes Against Public Interest and Morals, Quasi-Offenses and Criminal Negligence, Defenses and Justifying Circumstances, Penalties and Execution of Sentences, Selected Supreme Court Rulings and Case Analyses",available,on the shelf,NWU ERC OPAC
153,A Manual of business laws,"Maheshwari, S. N. ; Maheshwari, Suneel K.",Law,Business Law / Commercial Law,"A practical legal reference that discusses laws and legal principles related to business activities. It helps readers understand the legal requirements, rights, responsibilities, and regulations involved in conducting and managing a business.","business law,commercial law,business regulations,legal principles,business transactions,contracts,corporations,legal responsibilities",intermediate,KNS 856 M2 [2024],2024,"Section 1 – The Indian Contract Act 1872, Section 2 – The Sale of Goods Act 1930, Section 3 – The Indian Partnership Act 1932, Section 4 – The Negotiable Instruments Act 1881, Section 5 – Elements of Company Law",available,on the shelf,NWU ERC OPAC
154,A Preface to D.H. Lawrence,"Salgado, Gamini",Law,Literary Criticism / Biography,"A critical introduction to the life, works, and literary ideas of D. H. Lawrence. The book provides an accessible discussion of Lawrence's major writings, themes, style, and significance in English literature.","d,h,lawrence,literature,literary criticism,english literature,biography,novels,poetry,literary analysis",intermediate,PR 6023 A9 Z8 1982,1982//<N/D>,"Note on the Text, Editor's Preface, List of Abbreviations, Part I: Background and Life: The Writer and His World, Intellectual and Literary Background, Biographical Outline; Part II: Survey of Works: Early Fiction and Poetry, Sons and Lovers, The Rainbow and Women in Love, The Later Fiction, Short Stories, Poetry and Plays, Lawrence as Critic; Part III: Reference Section: Gazetteer of Places Associated with Lawrence, Select Bibliography, Index",available,on the shelf,NWU ERC OPAC
155,A Remote controlled lawn mower,"Barcancel, Criss",Law,Robotics / Agricultural Technology,"A technical work about the design and development of a remotely controlled lawn mower. It focuses on the use of remote-control technology, mechanical components, and automation to operate a lawn mower with less direct physical effor","remote-controlled lawn mower,robotics,automation,agricultural technology,remote control,mechanical engineering,lawn maintenance",intermediate,T-CEAT R4 2005,2005,"Introduction and Background of the Study, Review of Related Literature and Systems, Theoretical and Conceptual Frameworks, System Design and Hardware Architecture, Software and Wireless Control Integration, Methodology and Construction Procedures, Testing and Performance Evaluation, Results and Discussion, Cost Analysis and Economic Feasibility, Summary Conclusions and Recommendations",available,on the shelf,NWU ERC OPAC
156,A Restatement of rabbinic civil law,"Quint, Emanuel",Law,Jewish Law / Civil Law,"A legal reference work that presents and explains principles of civil law found in rabbinic and Jewish legal tradition. It discusses legal concepts concerning property, monetary matters, obligations, contracts, and relationships between individuals according to rabbinic law.","rabbinic law,jewish law,civil law,hebrew law,contracts,property law,obligations,monetary law,legal principles",advanced,BM 520.9 Q7 1993,1993//<N/D>,"Introduction to Rabbinic Civil Law and Methodology, Laws of Damages and Torts, Laws of Acquisition and Property, Laws of Contracts and Obligations, Agency and Partnerships, Employer and Employee Relations, Neighborly Rights and Real Estate, Inheritance and Succession, Judicial Procedure and Evidence, Execution of Judgments and Liens",available,on the shelf,NWU ERC OPAC
157,A simplified and procedural handbook on income taxation (with TRAIN Law - R.A. No. 10963,"Aduana, Nick L.",Law,Taxation Law / Income Taxation,"A practical and simplified handbook that explains the fundamental principles and procedures of income taxation in the Philippines. It incorporates the provisions of the TRAIN Law (Republic Act No. 10963) and provides guidance on tax rules, computation, filing, and compliance.","income taxation,tax law,train law,r,a,no,10963,philippine taxation,income tax,tax computation,tax filing,tax compliance",intermediate,KPM 2832 A9 2021,2021,"Introduction to Philippine Taxes and Income Taxation, Principles and Classification of Income Tax, Tax Accounting Periods and Methods, Gross Income and Exclusions, Compensation Income of Individuals, Business and Professional Income, Passive Investment Income and Capital Gains, Final Withholding Tax and Creditable Withholding Tax, Tax Compliance and Filing Procedures, Comprehensive Tax Computations and Problem Solving",available,on the shelf,NWU ERC OPAC
158,A Study on business taxes and transfer taxes under the Tax Reform for Acceleration and Inclusion law,"Reyes, Virgilio D.",Law,Taxation Law,"A study that examines business taxes and transfer taxes under the Tax Reform for Acceleration and Inclusion (TRAIN) Law in the Philippines. It discusses the tax rules, principles, and effects of the law on business transactions and transfers of property.","business taxes,transfer taxes,train law,tax reform for acceleration and inclusion,taxation,philippine tax law,tax reform,business transactions,property transfer",intermediate,KF 5624.61 R4 2018,2018/2018 ED./,"Overview of Business and Transfer Taxes under the TRAIN Law, Value-Added Tax: Principles and Transactions, Value-Added Tax: Exemptions and Computations, Percentage Taxes, Introduction to Transfer Taxes, Estate Tax: Gross Estate and Deductions, Estate Tax: Computation and Administration, Donor's Tax: Principles and Exemptions, Donor's Tax: Computation and Filing, Comprehensive Problems and Solutions",available,on the shelf,NWU ERC OPAC
159,A theory of international organizations in public international law,"Tassinis, O. C.",Law,Public International Law / International Organizations,"A legal work that examines the role, structure, and legal nature of international organizations within public international law. It discusses how international organizations are established, how they operate, and their legal rights, powers, and responsibilities in the international community.","international organizations,public international law,international law,international institutions,legal personality,international relations,treaties,state sovereignty",advanced,KZ 4850 T3 2025,2025,"Prolegomena to a Legal Theory of International Organizations, Situating International Organizations in Relation to States as Species of Legal Actors, The Problem of Analytically Distinguishing International Organizations from Their Members, Common Assumptions about the State When Theorizing International Organizations, Looking for 'Real' Entities: Insights from Philosophical Discourse, Corporate Existence as a Problem of Starting Assumptions about Members' Existence,",available,on the shelf,NWU ERC OPAC
160,A to z mysteries: the orange outlaw,"Roy, Ron",Law,Children's Mystery / Fiction,"A children's mystery story from the A to Z Mysteries series. The book follows Dink, Josh, and Ruth Rose as they investigate a mystery involving a missing valuable orange item and work together to discover the truth","a to z mysteries,the orange outlaw,children's fiction,mystery,detective,adventure,dink,josh,ruth rose",beginner,R888 2001,2001,"The arrival in New York, Uncle Warren's apartment, The missing painting, The strange orange clues, Investigating the balcony, Searching the alley, Tracking the suspect, Setting a trap, Catching the thief, The mystery solved",available,on the shelf,NWU ERC OPAC
161,Above the law,"Green, Tim",Law,Legal Fiction / Law,"A book that explores themes related to law, justice, legal authority, and the idea of whether individuals or institutions can act beyond the law. It may examine conflicts between legal rules, power, and justice.","law,justice,legal authority,lawyers,courts,legal system,crime,power,justice system",intermediate,G74 2009,2009,"Chapter 1, Chapter 2, Chapter 3, Chapter 4, Chapter 5, Chapter 6, Chapter 7, Chapter 8, Chapter 9, Chapter 10",available,on the shelf,NWU ERC OPAC
162,"Accountability and the law: rights, authority, and transparency of public power","Mikuli, Piotr ; Kuca, Grzegorz., (editors)",Law,Public Law / Constitutional Law,"A legal work that examines how public power is exercised and controlled through law. It focuses on accountability, individual rights, government authority, transparency, and the legal mechanisms used to ensure that public officials and institutions exercise their powers responsibly.","accountability,law,public power,rights,authority,transparency,government,public officials,constitutional law,public administration",advanced,KJE1622 A2 2022,2022,"Introduction, Part I: Law (Accountability in the Globalized Digital Age: The example of online content regulation in the EU, Economic Crises and Transformation to the Theoretical Model of Budget Process: A Comparative Constitutional Analysis via an Example of EU Member States, Financial accountability and transparency of public sector institution in the Republic of Serbia), Part II: Fairness and Rights (Disciplinary liability of judges: The Polish case, Transparency and accountability v. secrecy in intelligence operations: An Italian case study, Non-judicial legal accountability: The case of the Chilean comptroller general), Part III: Authority (Presidents' (mis)use of public accountability 'Going public' tactics in European semi-presidential regimes, Ministerial criminal liability in the Greek legal order: A concise critical review, Transparency and accountability of the Italian public administration in the context of public procurement: The case of below-threshold contracts, Transparency and Government Accountability in Brexit Negotiations)",available,on the shelf,NWU ERC OPAC
163,Administrative law,"Cane, Peter ., (editor",Law,Administrative Law,"A legal reference that discusses the principles and rules governing government agencies and administrative bodies. It covers the powers and functions of administrative authorities, administrative procedures, government regulations, and the rights of individuals when dealing with public agencies","administrative law,government agencies,administrative powers,public administration,regulations,administrative procedures,government authority,public officials",advanced,KF 5624.2 A3 2018,2018,"Introduction and Overview of Administrative Law Scholarship, Theoretical Foundations of Public Administration, Judicial Review of Administrative Action, Tribunals and Alternative Dispute Resolution, Accountability and Control Mechanisms, Comparative Perspectives on Administrative Law, Remedies in Public Law, Legislative and Political Controls, Public Sector Liability, Conclusion",available,on the shelf,NWU ERC OPAC
164,Administrative law : text and cases,"De Leon, Hector S",Law,Administrative Law,"A legal textbook that explains the principles and doctrines of administrative law through discussions of legal texts and court cases. It covers the powers and functions of administrative agencies, administrative procedures, government regulations, and judicial review of administrative actions","administrative law,administrative agencies,government regulations,administrative procedures,court cases,judicial review,public administration,government powers",advanced,KF 5624.2 A1 D4 2005,2005/5th ed./,"General Principles of Administrative Law, Creation and Organization of Administrative Agencies, Powers of Administrative Agencies (Rule-Making and Adjudicatory), Exhaustion of Administrative Remedies, Judicial Review of Administrative Decisions, Public Officers: Nature and Creation of Public Office, Eligibility, Qualifications, and Modes of Acquiring Public Office, Rights, Powers, Duties, and Liabilities of Public Officers, Termination of Official Relations, Selected Landmark Cases and Jurisprudence",available,on the shelf,NWU ERC OPAC
165,Administrative law : with notes and cases,"Rodriquez, Rufus Bautista",Law,Administrative Law,"A legal textbook that explains the fundamental principles and doctrines of administrative law, supported by notes and relevant court cases. It discusses administrative agencies, their powers and functions, administrative procedures, government regulations, and judicial review.","administrative law,administrative agencies,government regulations,administrative procedures,court cases,judicial review,government powers,public administration",advanced,KPM 2720 R6 1998,1998/5TH ED.,"General Principles and Concepts of Administrative Law, Creation, Organization, and Abolition of Administrative Agencies, Powers of Administrative Agencies: Quasi-Legislative (Rule-Making) Power, Powers of Administrative Agencies: Quasi-Judicial (Adjudicatory) Power, Exhaustion of Administrative Remedies and Primary Jurisdiction, Judicial Review of Administrative Decisions and Actions, Public Officers: Nature, Creation, and Classification of Public Office, Acquisition and Termination of Public Office, Rights, Duties, Privileges, and Liabilities of Public Officers, Selected Landmark Cases and Supreme Court Jurisprudence",available,on the shelf,NWU ERC OPAC
166,Administrative law: bureaucracy in a democracy,"Hall, Daniel E.",Law,Administrative Law / Public Administration,"A legal work that examines administrative law and the role of bureaucracy in a democratic government. It discusses the powers and responsibilities of government agencies, administrative decision-making, public accountability, and the relationship between bureaucracy and democratic principles.","administrative law,bureaucracy,democracy,government agencies,public administration,administrative powers,accountability,government regulation",advanced,KF 5624.2 H3 2015,2015/SIXTH EDITION/,"Bureaucracy and Democracy, Agency Discretion, The Requirement of Fairness, Delegation, Agency Rulemaking, Agency Investigations and Information Collection, Agency Adjudications, Accountability Through Reviewability, Accountability Through Accessibility, Accountability Through Liability",available,on the shelf,NWU ERC OPAC
167,Administrative law: principles and advocacy,"Nastasi, Liz ; Pressman, Deborah ; Swaigen, John",Law,Administrative Law,"A legal reference that discusses the fundamental principles of administrative law and their application in legal advocacy. It covers government agencies, administrative powers, procedures, regulations, and the role of lawyers in representing individuals or organizations in administrative matters.","administrative law,legal advocacy,administrative principles,government agencies,administrative powers,regulations,administrative procedures,lawyers,public administration",advanced,KE5015 N3 2020,2020/FOURTH EDITION/,"Overview of Administrative Law and Government Agencies, The Structure of Government and the Role of Tribunals, Statutory Powers and Jurisdiction, Principles of Procedural Fairness and Natural Justice, Fairness: Bias and Independence, The Right to Be Heard (Notice, Disclosure, and Representation), Evidence and Hearings Before Administrative Bodies, Remedies and Judicial Review, Practical Advocacy and Case Preparation, Practice and Procedure Before Specific Tribunals",available,on the shelf,NWU ERC OPAC
168,Advanced accounting based on Philippine law and accounting practice; part 2,"Mejorada, Nenita Deaño",Law,Advanced Accounting,A textbook that focuses on advanced accounting concepts and practices based on Philippine laws and accounting standards. Part 2 provides more detailed discussions and accounting problems involving complex financial transactions and reporting practices,"advanced accounting,philippine accounting,accounting law,accounting practice,financial accounting,accounting standards,financial reporting,philippine law",advanced,HF 5657 M44 2000 PART 2,2000/4th ed./,"Partnership Formation and Operation, Partnership Dissolution and Liquidation, Corporate Liquidation, Home Office and Branch Accounting (Agency Operations), Joint Arrangements and Consignment Sales, Installment Sales Accounting, Franchise Operations, Accounting for Insurance Contracts, Construction Accounting, Foreign Currency Transactions and Translations",available,on the shelf,NWU ERC OPAC
169,Advanced accounting: based on Philippine law and accounting practice,"Mejorada, Nenita Deano",Law,Advanced Accounting,"A textbook that discusses advanced accounting concepts and practices in accordance with Philippine laws and accounting standards. It provides explanations and accounting applications involving complex financial transactions, reporting, and other topics relevant to professional accounting practice in the Philippines.","advanced accounting,philippine law,accounting practice,accounting standards,financial accounting,financial reporting,philippine accounting,accounting principles",advanced,HF 5635 M4 1980,1980,"Accounting for Partnerships: Formation and Operation, Partnership Dissolution and Changes in Ownership, Partnership Liquidation, Corporate Liquidation and Insolvency, Business Combinations (PFRS 3), Consolidated Financial Statements: Date of Acquisition, Consolidated Financial Statements: Subsequent to Acquisition, Intercompany Profit Transactions (Inventory and Plant Assets), Changes in Ownership Interests in Subsidiaries, Accounting for Multinational Operations and Foreign Currency Transactions",available,on the shelf,NWU ERC OPAC
170,An introduction to international human rights law,"Deveraturda, Joan Paula A",Law,International Human Rights Law,"A legal reference that introduces the fundamental principles and concepts of international human rights law. It discusses human rights standards, international treaties, the protection of individual rights, and the responsibilities of states under international law.","human rights,international law,international human rights law,human rights treaties,civil rights,political rights,state responsibility,human rights protection",intermediate,K 3240 D4 2021,2021/2021 EDITION/,"Introduction to Human Rights and Historical Evolution, Generations of Human Rights (Civil/Political, Economic/Social/Cultural, and Solidarity Rights), Core Principles of Human Rights, The Universal Declaration of Human Rights (UDHR) and International Bill of Rights, State Obligations and Implementation, Regional Human Rights Systems, Enforcement Mechanisms and Monitoring Bodies, Vulnerable and Marginalized Groups in International Law, Contemporary Challenges in Human Rights Law",available,on the shelf,NWU ERC OPAC
171,An Introduction to law : threshold to the legal profession,"Dascil, Rodelio T.",Law,Introduction to Law / Legal Profession,"A foundational law book that introduces students to the basic concepts, principles, and branches of law. It serves as an entry point to the legal profession by discussing the nature of law, the legal system, legal institutions, and the roles and responsibilities of legal professionals","introduction to law,legal profession,law,legal system,legal principles,legal institutions,lawyers,jurisprudence",beginner,KPM 68 D3 2013,2013/2013 rev. ed./,"The Nature and Concept of Law, Classification and Sources of Philippine Law, The Philippine Judicial System and Hierarchy of Courts, Statutory Construction and Interpretation of Laws, The Legal Profession and Practice of Law in the Philippines, Code of Professional Responsibility and Ethics, Overview of Substantive and Procedural Law, Legal Research and Methodology, Landmark Philippine Cases and Legal Reasoning",available,on the shelf,NWU ERC OPAC
172,An Introduction to Public international law,Cecily Rose,Law,Public International Law,"A foundational legal reference that introduces the basic principles and concepts of public international law. It discusses the relationship between states, international organizations, treaties, international disputes, and the rights and duties of states under international law.","public international law,international law,states,treaties,international organizations,international relations,state sovereignty,international disputes",intermediate,JA55 R3 2022,2022,"Nature and History of Public International Law, Sources of International Law, The Law of Treaties, International Law and Municipal Law, Subjects of International Law (States and International Organizations), Jurisdiction and Immunities, State Responsibility, Peaceful Settlement of International Disputes, Use of Force and Collective Security, Specialized Fields (Human Rights, International Humanitarian Law, International Criminal Law, and International Environmental Law)",available,on the shelf,NWU ERC OPAC
173,An Outline of Philippine immigration and citizenship laws,"Ledesma, Rolando P.",Law,Immigration and Citizenship Law,"A legal reference that provides an overview of Philippine laws concerning immigration and citizenship. It discusses topics such as entry and stay of foreign nationals, immigration regulations, citizenship, naturalization, and the legal rights and responsibilities of citizens and non-citizens","philippine law,immigration law,citizenship law,naturalization,foreign nationals,immigration regulations,philippine citizenship,legal rights",advanced,KPM 2150 L4 2006 V.3,2006//3,"General Principles of Immigration Law, Structure and Jurisdiction of the Bureau of Immigration, Admission and Classification of Non-Immigrants, Quota and Non-Quota Immigrants, Visa Issuance and Border Control, Refugee Status and Asylum, Philippine Citizenship: Acquisition and Loss, Naturalization Laws and Procedures, Dual Citizenship and Retention, Deportation, Exclusion, and Administrative Sanctions, Judicial Review and Remedies in Immigration Cases",available,on the shelf,NWU ERC OPAC
174,All the taxpayers need to know about the train Law,"Recalde, Eric R.",Law,Taxation Law,"A practical guide that explains important provisions of the Tax Reform for Acceleration and Inclusion (TRAIN) Law in a simple and understandable way. It focuses on information that taxpayers need to know about income taxes, tax rates, exemptions, deductions, and other changes introduced by the law","train law,taxation,taxpayers,philippine tax law,tax reform,income tax,tax rates,tax exemptions,tax compliance,r,a,no,10963",beginner,KPM 2784 R243 2018,2018,"Overview of the TRAIN Law and Fiscal Objectives, Amendments to Personal Income Tax (PIT) and Simplified Taxation for Self-Employed/Professionals, Changes to Estate and Donor's Taxes, Value-Added Tax (VAT) Updates and Threshold Adjustments, Adjustments on Excise Taxes (Petroleum, Automobiles, Sugary Beverages, and Tobacco), Passive Income and Capital Gains Taxes, Tax Administration and Compliance Reforms, Frequently Asked Questions for Individual and Corporate Taxpayers",available,on the shelf,NWU ERC OPAC
175,Labor law,"Barte, Judge Recaredo P.",Law,Labor Law and Social Legislation,"Labor Law provides a comprehensive overview of Philippine labor legislation, employment relations, and worker protection statutes. Authored by Judge Recaredo P. Barte, the text covers fundamental labor standards, recruitment and placement, terms and conditions of employment, legal classes of employees, management prerogative, labor relations, collective bargaining, unfair labor practices, post-employment, and procedural remedies before the National Labor Relations Commission (NLRC).","labor law,philippine labor legislation,labor standards,labor relations,employment contract,termination of employment,nlrc,collective bargaining,management prerogative,social legislation",intermediate,KF 5624.4 B2 2020,2020,"General Principles and Fundamental Policies of Philippine Labor Law, Recruitment and Placement of Workers, Right to Self-Organization and Labor Unions, Collective Bargaining and Collective Bargaining Agreements (CBA), Unfair Labor Practices, Strikes Lockouts and Concerted Activities, Labor Standards on Wages Hours and Working Conditions, Termination of Employment and Due Process Requirements, Retirement Pay and Benefits, Jurisdiction and Procedure Before the NLRC and Labor Arbiters",available,on the shelf,NWU ERC OPAC
176,Labor law : memory aid,San Beda College of Law,Law,Labor Law and Social Legislation,"Labor Law: Memory Aid is a concise review material prepared by the San Beda College of Law Memory Aid Committee for Philippine Bar examination candidates. The reviewer synthesizes key statutory provisions of the Labor Code of the Philippines, Supreme Court jurisprudence, labor standards, working conditions, management prerogative, rights to self-organization, unfair labor practices, post-employment termination rules, and NLRC procedural rules into easy-to-digest outlines.","labor law,philippine labor code,memory aid,bar review,labor standards,labor relations,social legislation,nlrc procedure,legal reviewer,san beda",advanced,KPM 1220 S2 2011,2011,"General Principles and Fundamental Policies, Pre-Employment and Recruitment of Workers, Labor Standards and Working Conditions, Special Groups of Employees, Right to Self-Organization and Union Representation, Collective Bargaining and Labor Disputes, Unfair Labor Practices and Strikes, Post-Employment and Termination of Employment, Retirement Pay Law, Jurisdiction and Procedure Before Labor Arbiters and NLRC",available,on the shelf,NWU ERC OPAC
177,Labor laws and social legislation,"Peñaflor, L. A., & Peñaflor, K. O.",Law,Labor Law and Social Legislation,"Labor Laws and Social Legislation provides an up-to-date, comprehensive examination of labor regulations, employee rights, and social welfare laws in the Philippines. Authored by L. A. Peñaflor and K. O. Peñaflor, the text covers fundamental labor standards, recruitment, wages, labor relations, collective bargaining, security of tenure, termination procedures, and statutory social security benefits including SSS, GSIS, PhilHealth, and Pag-IBIG regulations.","labor laws,social legislation,philippine labor standards,labor relations,employment rights,social security,security of tenure,termination of employment,sss,philhealth",intermediate,KF 5624.4 P4 2023,2023,"Introduction to Philippine Labor Laws and Constitutional Guarantees, Pre-Employment and Overseas Employment Administration, Labor Standards: Wages, Hours of Work, and Rest Periods, Health, Safety, and Welfare Benefits, Social Legislation: SSS, GSIS, PhilHealth, and Pag-IBIG, Right to Self-Organization and Labor Unions, Collective Bargaining Agreements and Dispute Settlement, Management Prerogative and Disciplinary Action, Security of Tenure and Just/Authorized Causes for Termination, NLRC Jurisdiction and Adjudication Procedures",available,on the shelf,NWU ERC OPAC
178,Labor laws and social legislations : a barristers companion,"Duka, Cecilio D.",Law,Labor Law and Social Legislation,"Labor Laws and Social Legislation offers a structured, student-oriented commentary on Philippine labor statutes and social welfare protections. Authored by Cecilio D. Duka, the textbook presents clear explanations of the Labor Code, landmark jurisprudence, recruitment regulations, working conditions, labor-management relations, collective bargaining, procedural due process in dismissal, and mandatory social benefit schemes.","labor laws,social legislation,cecilio duka,philippine labor code,labor standards,labor-management relations,dismissal procedures,mandatory benefits,jurisprudence,law textbook",intermediate,KPM 1220 D8 2008,2008,"General Principles and Historical Background of Labor Law, Recruitment and Placement of Local and Overseas Workers, Minimum Labor Standards and Wage Orders, Special Classes of Workers, Social Security System and Employee Welfare Laws, Right to Self-Organization and Collective Bargaining, Strikes, Lockouts, and Industrial Peace, Security of Tenure and Modes of Separation, Procedural Due Process in Employee Dismissal, Dispute Resolution and Enforcement Agencies",available,on the shelf,NWU ERC OPAC
179,Labor relation law with notes and comments : labor code of the Philippines,"Poquiz, Salvador A.",Law,Labor Law and Social Legislation,"Labor Relation Law with Notes and Comments provides an exhaustive analytical commentary on Book V of the Labor Code of the Philippines. Authored by Salvador A. Poquiz, the legal treatise examines policy foundations of labor-management relations, union registration, bargaining unit determination, collective bargaining negotiations, unfair labor practice acts, strikes, lockouts, and dispute resolution mechanisms under the National Labor Relations Commission (NLRC).","labor relations,labor code of the philippines,salvador poquiz,collective bargaining,union registration,unfair labor practice,strikes and lockouts,nlrc,labor dispute resolution,philippine labor law",advanced,KF 5624.4 P6 2006 V.2,2006,"Policy Declaration and State Objectives in Labor Relations, Right to Self-Organization and Union Formation, Bargaining Representatives and Certification Elections, Collective Bargaining and Agreement (CBA) Execution, Unfair Labor Practices of Employers and Labor Organizations, Strikes, Lockouts, and Concerted Actions, Injunctions and Assumption of Jurisdiction, Voluntary Arbitration and Grievance Machinery, Procedure Before Labor Arbiters and the NLRC, Execution of Decisions and Judicial Review",available,on the shelf,NWU ERC OPAC
180,"Labor standards: the Philippine labor laws and jurisprudence; Book 1; with cases, commentaries and analysis","Jimenez, Josephus B.",Law,Labor Law and Social Legislation,"Labor Standards: The Philippine Labor Laws and Jurisprudence (Book 1) presents a case-based commentary on statutory provisions governing minimum terms and conditions of employment in the Philippines. Authored by Josephus B. Jimenez, the volume covers pre-employment regulations, recruitment and placement, employment of non-resident aliens, working hours, rest periods, holiday pay, minimum wages, working conditions for special groups, and landmark Supreme Court rulings.","labor standards,philippine labor law,josephus jimenez,pre-employment,minimum wage,working conditions,holiday pay,employment relations,labor jurisprudence,labor code book 1",advanced,KF 5624.4 J5 2005,2005,"General Provisions and Fundamental Principles of Labor Standards, Pre-Employment and Recruitment Regulations, Employment of Non-Resident Aliens, Working Conditions and Hours of Work, Weekly Rest Periods and Holiday Pay, Minimum Wage Determination and Wage Orders, Special Working Conditions for Women, Minors, and Domestic Workers, Medical, Dental, and Occupational Safety Regulations, Enforcement Powers of the Secretary of Labor, Selected Supreme Court Case Annotations on Labor Standards",available,on the shelf,NWU ERC OPAC
181,Law and jurisprudence on ejectment,"Aquino, Amado D.",Law,Civil Law and Remedial Law,"Law and Jurisprudence on Ejectment provides a specialized analysis of summary real property actions in the Philippines. Authored by Amado D. Aquino, the legal reference text covers the statutory rules, procedural requirements, and Supreme Court doctrines surrounding actions for Forcible Entry and Unlawful Detainer under Rule 70 of the Rules of Court, including possession de facto, demand to vacate, lease contracts, land disputes, and summary judicial procedure.","ejectment,forcible entry,unlawful detainer,rule 70,civil law,remedial law,real property,summary procedure,possession de facto,amado aquino",advanced,KF 5626 A6 2001,2001,"Nature and Distinctions of Summary Ejectment Actions, Forcible Entry: Elements and Jurisdictional Requisites, Unlawful Detainer: Elements and Jurisdictional Requisites, Demand Requirements and Conditions Precedent, Jurisdiction of Metropolitan and Municipal Trial Courts, Pleadings and Summary Procedure under Rule 70, Execution and Preliminary Injunction in Ejectment Cases, Appeals and Execution Pending Appeal, Interrelation with Public Land and Agrarian Laws, Annotations of Landmark Supreme Court Ejectment Rulings",available,on the shelf,NWU ERC OPAC
182,"Law and jurisprudence on government organization, administration, and officers: a source book on constitutional law and administrative law and public officers; pt. 1","Martinez, Daniel T.",Law,Constitutional and Administrative Law,"Law and Jurisprudence on Government Organization, Administration, and Officers (Part 1) provides an extensive sourcebook on Philippine public law, structural governance, and administrative operations. Authored by Daniel T. Martinez, the legal treatise compiles statutory provisions, constitutional doctrines, and Supreme Court jurisprudence examining the organization of the executive branch, administrative agencies, rule-making powers, public office principles, and the legal status and qualifications of public officers.","government organization,administrative law,public officers,constitutional law,philippine public administration,administrative agencies,executive power,legal sourcebook,daniel martinez,public governance",advanced,KF 5624.1 M3 1993,1993,"Constitutional Framework of Government Organization, Structure and Powers of the Executive Branch, Administrative Agencies and Reorganization Powers, Administrative Rule-Making and Adjudicative Functions, Nature and Creation of Public Office, Eligibility, Qualifications, and Disqualifications of Public Officers, Appointment, Election, and Title to Public Office, Powers, Duties, and Liabilities of Public Officers, De Facto Officers and Official Acts, Expiration of Term and Modes of Terminating Official Relations",available,on the shelf,NWU ERC OPAC
183,Law and markets in United States history: different modes of bargaining among interests,"Hurst, James Williard",Law,Legal History and Jurisprudence,"Law and Markets in United States History: Different Modes of Bargaining Among Interests examines the historical interplay between legal institutions, market forces, and economic policy in the United States. Authored by legal historian James Willard Hurst, the monograph analyzes how law shaped market structures, facilitated economic exchanges, regulated interest groups, and balanced public interest with private enterprise through various modes of legal and economic bargaining across American history.","law and markets,american legal history,james willard hurst,legal economics,economic policy,market regulation,interest group bargaining,public interest,commerce clause,enterprise law",advanced,KF 1600 H8 1982,1982,"The Market as a Legal Institution, Legal Frameworks for Private Economic Power, Modes of Bargaining and Interest Regulation, Law and the Allocation of Economic Resources, Public Policy and Market Allocation, State Regulation versus Free Enterprise, The Evolution of Corporate and Commercial Law, Historical Dynamics of Law and Economic Change",available,on the shelf,NWU ERC OPAC
184,Law dictionary : definition of terms and phrases of Philippine Laws and jurisprudence,"Salao, Ernesto C.",Law,"Legal Research, Lexicography, and Reference","Law Dictionary: Definition of Terms and Phrases of Philippine Laws and Jurisprudence is a comprehensive legal reference work compiled by Ernesto C. Salao. The dictionary provides precise definitions, statutory origins, and judicial interpretations of key legal terms, phrases, and maxims found across Philippine statutes, statutory codes, and landmark Supreme Court decisions spanning civil, criminal, constitutional, remedial, and administrative law.","law dictionary,legal terms,philippine jurisprudence,legal definitions,ernesto salao,statutory interpretation,legal reference,latin maxims,philippine legal system,legal terminology",intermediate,KF 5621.8 S2 2013,2013,"Preface and User Guide to Legal Terminology, Key to Statutory and Case Law Abbreviations, Alphabetical Lexicon of Philippine Legal Terms and Phrases (A–Z), Selected Judicial Definitions from Supreme Court Rulings, Common Latin Legal Maxims and Phrases, Index of Statutory Terms in Philippine Codes",available,on the shelf,NWU ERC OPAC
185,Law on appeals,"Barte, Recaredo P.",Law,Remedial Law and Appellate Procedure,"Law on Appeals provides a practical guide to appellate remedies and court procedure under the Revised Rules of Court in the Philippines. Authored by Recaredo P. Barte, the text covers modes of appeal, ordinary appeals, petitions for review, appeals by certiorari to the Supreme Court, execution pending appeal, fresh period rule, assignment of errors, and procedural standards before appellate tribunals.","law on appeals,appellate procedure,remedial law,court of appeals,supreme court,petition for review,certiorari,rules of court,recaredo barte,legal remedies",advanced,KPM 3740 B3 2007,2007,"General Principles and Right to Appeal, Modes of Appeal from Trial Courts, Appeals to the Regional Trial Court, Ordinary Appeals to the Court of Appeals, Petitions for Review under Rule 42 and Rule 43, Appeals by Certiorari to the Supreme Court under Rule 45, Effect of Appeal and Execution Pending Appeal, Dismissal of Appeals and Procedural Pitfalls, Briefs, Assignments of Errors, and Oral Arguments, Motion for Reconsideration and Judicial Review",available,on the shelf,NWU ERC OPAC
186,Law on illegal logging,"Peñaflor, Wilfredo M.; Perez, Dick B.",Law,Environmental Law and Forestry Legislation,"Law on Illegal Logging offers a specialized examination of Philippine forestry laws, timber regulation statutes, and environmental offenses. Authored by Wilfredo M. Peñaflor and Dick B. Perez, the volume analyzes Presidential Decree No. 705 (Revised Forestry Code), possession of timber without legal documents, confiscation of conveyances, DENR administrative regulations, and criminal prosecution of forestry law violations.","illegal logging,forestry law,presidential decree 705,environmental law,denr regulations,timber confiscation,forestry offenses,philippine natural resources,environmental crime",intermediate,KF 5624.31 F8 P4 1997,1997,"Constitutional Policy on Forest Conservation and Natural Resources, Overview of Presidential Decree No. 705 (Revised Forestry Code), Unlawful Cutting, Gathering, and Collection of Timber, Possession of Forest Products Without Permit, Seizure, Confiscation, and Forfeiture Procedures by DENR, Criminal Penalties and Prosecution of Illegal Logging Cases, Liability of Corporate Officers and Public Officials, Role of Law Enforcement and Forestry Officers, Administrative Remedies and DENR Adjudication, Case Studies and Landmark Jurisprudence on Forestry Offenses",available,on the shelf,NWU ERC OPAC
187,Law on natural resources,"Agcaoili, Oswaldo D.",Law,Environmental and Natural Resources Law,"Law on Natural Resources presents an in-depth treatise on the constitutional and statutory principles governing the exploration, development, utilization, and conservation of natural wealth in the Philippines. Authored by Oswaldo D. Agcaoili, the work covers the Regalian Doctrine, land classification, forestry, mining, water, fisheries, environmental protection, and state ownership of national resources.","natural resources law,regalian doctrine,oswaldo agcaoili,public domain,mining law,forestry law,water rights,environmental regulation,philippine land law",advanced,KPM 1509 A3 2007,2007,"Constitutional Framework and the Regalian Doctrine, Classification and Disposition of Public Lands, Mining Laws and Mineral Resource Management, Forestry Laws and Forest Reserves, Water Code and Regulation of Water Rights, Fisheries and Aquatic Resource Conservation, Wildlife Conservation and Protected Areas (NIPAS), Energy and Renewable Energy Regulations, Environmental Impact Assessment System, Judicial Remedies and Natural Resource Litigation",available,on the shelf,NWU ERC OPAC
188,Law on natural resources and environmental law developments,"Agcaoili, Oswaldo D.",Law,Environmental and Natural Resources Law,"Law on Natural Resources and Environmental Law Developments provides an updated treatise incorporating emerging statutory reforms and Supreme Court environmental jurisprudence. Authored by Oswaldo D. Agcaoili, the volume examines natural resource exploitation, sustainable development, the Writ of Kalikasan, Climate Change Act implementation, indigenous peoples' rights (IPRA), and contemporary legal mechanisms protecting the Philippine environment.","environmental law,natural resources law,oswaldo agcaoili,writ of kalikasan,ipra,climate change law,sustainable development,regalian doctrine,environmental protection",advanced,KPM 1509 A3 2012,2012,"Constitutional Provisions and Ecological Mandates, Regalian Doctrine and State Control of Resources, Rules of Procedure for Environmental Cases and Writ of Kalikasan, Mining Act and Mineral Agreements, Mining and Forestry Regulations Update, Indigenous Peoples' Rights Act (IPRA) and Domain Claims, Clean Air and Clean Water Acts Implementation, Solid Waste Management and Climate Change Policy, Renewable Energy Act and Green Laws, Landmark Supreme Court Decisions on Environmental Protection",available,on the shelf,NWU ERC OPAC
189,Law on property and essentials of land registration (with a special chapter on evolution of cases involving lands in Boracay and consequences of sale to foreigners,"Reyes, Eduardo T., III.",Law,Civil Law and Land Registration,"Law on Property and Essentials of Land Registration provides a comprehensive examination of Book II of the Civil Code of the Philippines alongside land titles and registration laws. Authored by Eduardo T. Reyes, III, the text covers ownership, co-ownership, possession, usufruct, easements, and Torrens title registration procedures, featuring a specialized analysis of Boracay Island land litigation, public domain classifications, and the legal consequences of prohibited real estate transfers to foreign nationals.","property law,land registration,torrens system,civil code,eduardo reyes,boracay land cases,alien land ownership,ownership and possession,easements,land titles",advanced,KPM 540 R4 2024,2024,"Classification and Characteristics of Property, Ownership and Modes of Acquiring Property, Co-Ownership, Possession, and Usufruct, Easements and Servitudes, Statutory Essentials of Land Registration and Torrens System, Judicial and Administrative Titling Procedures, Reconstitution and Remedies in Land Registration, Evolution of Boracay Island Land Litigation and Jurisprudence, Public Domain vs. Private Ownership in Forest/Agricultural Lands, Prohibitions and Legal Consequences of Real Estate Sales to Foreigners",available,on the shelf,NWU ERC OPAC
190,"Law on public administration, public officers, and elections","De Leon, Hector S.; De Leon, Hector S., Jr.",Law,Administrative Law and Election Law,"Law on Public Administration, Public Officers, and Elections presents an exhaustive commentary on the legal principles governing administrative agencies, the civil service system, and electoral processes in the Philippines. Authored by Hector S. De Leon and Hector S. De Leon, Jr., the textbook examines the structure and powers of public administrative bodies, the rights, duties, and liabilities of public officers, accountability statutes, the Omnibus Election Code, voter registration, political parties, election contests, and relevant Supreme Court jurisprudence.","public administration,public officers,election law,hector de leon,administrative law,civil service commission,omnibus election code,election contests,administrative accountability,public office",advanced,KPM 2700 D4 2024,2024,"General Principles of Public Administration and Administrative Law, Structure and Rule-Making Powers of Administrative Agencies, Nature and Creation of Public Office, Eligibility, Qualification, and Disqualifications of Public Officers, Appointment, Civil Service Rules, and Title to Office, Powers, Duties, Rights, and Liabilities of Public Officers, Modes of Terminating Official Relations and Disciplinary Actions, Fundamental Principles of Philippine Election Law, Voter Registration, Candidacy, and Campaign Regulations, Electoral Remedies, Pre-Proclamation Controversies, and Election Contests",available,on the shelf,NWU ERC OPAC
191,Laws and resolution,Philippine Congress,Law,Statutes and Legislative Records,"Laws and Resolution (Part II) is an official compilation of legislative enactments, Republic Acts, and concurrent or joint resolutions passed by the Congress of the Philippines during 1996, Designed as a primary legal reference, this volume contains the complete statutory texts necessary for statutory research, policy analysis, and legal interpretation","philippine congress,republic acts,legislative resolutions,philippine statutes,statutory law,legislative records,statutory research,legal reference",advanced,KF 5614.8 P6 1996 PART II,1996,"Republic Acts Enacted During the Tenth Congress (Part II), Joint Resolutions of the Senate and House of Representatives, Concurrent Resolutions, Public Statutes and Legislative Amendments, Index of Legislative Acts and Measures",available,on the shelf,NWU ERC OPAC
192,Legal counseling for the young lawyer,"Barte, Recardo P.",Law,Legal Ethics and Practical Exercises,"Legal Counseling for the Young Lawyer serves as a practical handbook for new attorneys and law students navigating the initial stages of legal practice. Authored by Recaredo P. Barte, the text covers fundamental techniques in client interviewing, legal consultation, case strategy formulation, negotiation dynamics, and professional legal ethics.","legal counseling,legal ethics,legal practice,client interview,practical exercises,recaredo barte,legal consultation,case preparation,lawyering skills",intermediate,KPM 53.6 B3 2007,2007,"Introduction to Legal Counseling and Practice, Initial Client Interview and Fact Gathering, Establishing Attorney-Client Relationship and Ethics, Case Evaluation and Strategy Formulation, Legal Advice and Decision-Making with Clients, Negotiation and Out-of-Court Dispute Resolution, Preparation for Court Representation, Managing Client Expectations and Professional Responsibility",available,on the shelf,NWU ERC OPAC
193,"Legal medicine : comprehensive synopsis in forensic medicine and medical jurisprudence (updates in DNA analysis, dactyloscopy, polygraphy and health related laws","Maligaya, Renato M.",Law,Legal Medicine and Forensic Science,"Legal Medicine: Comprehensive Synopsis in Forensic Medicine and Medical Jurisprudence provides an extensive examination of the intersection between medical science and the Philippine legal system. Authored by Renato M. Maligaya, the text covers forensic pathology, death investigation, traumatology, sexual offenses, and toxicology alongside modern forensic developments such as DNA profiling, dactyloscopy (fingerprint analysis), polygraphy, medical malpractice, and contemporary health legislation.","legal medicine,forensic medicine,medical jurisprudence,dna analysis,dactyloscopy,polygraphy,forensic pathology,medical malpractice,health laws,renato maligaya",advanced,K 569 M3 2007,2007,"Foundations of Legal Medicine and Forensic Investigation, Physical Evidence and Medico-Legal Identification, Principles of Dactyloscopy and Fingerprint Classification, Scientific Polygraphy and Deception Detection, DNA Analysis and Molecular Evidence in Philippine Courts, Forensic Pathology, Post-Mortem Examination, and Death Investigation, Traumatology, Physical Injuries, and Forensic Toxicology, Medico-Legal Aspects of Sexual Offenses and Crimes Against Persons, Medical Jurisprudence, Physician Liability, and Medical Malpractice, Philippine Health-Related Laws, Patient Rights, and Bioethics",available,on the shelf,NWU ERC OPAC
194,Legal profession : readings and materials : (for students on how to become a lawyer and young lawyers of the 21st century),"Coquia, Jorge B.",Law,Legal Ethics and Practical Exercises,"Legal Profession: Readings and Materials provides an essential collection of readings, statutory provisions, and Supreme Court standards designed for aspiring law students and practicing attorneys in the 21st century. Authored by Jorge B. Coquia, the volume examines admission to the bar, legal ethics, professional duties to courts, clients, and society, the Code of Professional Responsibility, bar governance, and the evolving role of legal practitioners in modern Philippine society.","legal profession,legal ethics,bar admission,code of professional responsibility,jorge coquia,lawyering,attorney duties,legal practice,legal education,philippine bar",intermediate,KF 5630 C6 2003,2003,"Introduction to the Legal Profession and Legal Education, Qualifications and Requirements for Admission to the Bar, Duties and Responsibilities of Lawyers to Society, Obligations of the Lawyer to the Courts and Judicial System, The Attorney-Client Relationship and Legal Confidentiality, Duties to Colleagues and Professional Conduct, Code of Professional Responsibility and Canons of Judicial Ethics, Disciplinary Proceedings and Suspension or Disbarment of Lawyers, Integrated Bar of the Philippines (IBP) and Governance, Challenges and Perspectives for the 21st Century Lawyer",available,on the shelf,NWU ERC OPAC
195,Mercantile law digest : a compact reviewer on Philippine commercial law,"Untian, Cresencio P. Co, Jr.",Law,Commercial and Mercantile Law,"Mercantile Law Digest: A Compact Reviewer on Philippine Commercial Law offers a concise, highly structured review of Philippine mercantile and commercial law. Authored by Cresencio P. Co, Jr. Untian, the text outlines statutory rules, principles, and Supreme Court jurisprudence across corporations, negotiable instruments, insurance, transportation, banking laws, intellectual property, and special commercial statutes, designed for Bar candidates and law students.","mercantile law,commercial law,bar review,negotiable instruments law,corporation code,insurance code,transportation law,banking laws,intellectual property code,cresencio untian",advanced,KF 5625.5 U5 2007,2007,"Corporation Law and Revised Corporation Code Principles, Negotiable Instruments Law and Commercial Papers, Insurance Code and Risk Allocation, Transportation Law and Public Utilities, Banking Laws and Bangko Sentral regulations, Intellectual Property Code and Rights, Special Commercial Laws and Chattel Mortgage, Insolvency and Financial Rehabilitation, Bar Exam Concepts and Jurisprudential Summaries",available,on the shelf,NWU ERC OPAC
196,Montesquieu's philosophy of liberalism: a commentary on the spirit of the laws,"Pangle, Thomas L.",Law,Legal Theory and Political Philosophy,"Montesquieu's Philosophy of Liberalism: A Commentary on The Spirit of the Laws examines the political thought and philosophical foundations of Montesquieu's seminal work. Authored by Thomas L. Pangle, the volume provides an in-depth commentary on the separation of powers, the rule of law, constitutional governance, individual liberty, commerce, and the institutional frameworks that shaped modern constitutional liberalism and democratic political theory.","montesquieu,spirit of the laws,liberalism,political philosophy,separation of powers,constitutional law,thomas pangle,legal history,rule of law,liberty",advanced,JC 179 M8 P3 1973,1973,"Introduction to Montesquieu and Modern Political Thought, The Nature and Principles of the Three Forms of Government, The Separation of Powers and Legal Liberty, Commerce, Economics, and International Liberalism, Climate, Geography, and the Spirit of Laws, Criminal Law, Penal Reform, and Individual Rights, Religion, Morality, and Civil Society, Montesquieu's Influence on Constitutionalism and Modern Liberal Democracy",available,on the shelf,NWU ERC OPAC
197,Notes and cases on banking law and negotiable instruments law ; V.2,"Aquino, Timoteo B.",Law,Commercial and Banking Law,"Notes and Cases on Banking Law and Negotiable Instruments Law (Volume 2) provides a detailed casebook and legal analysis of Philippine banking regulations and commercial paper. Authored by Timoteo B. Aquino, the volume examines statutory provisions, central banking regulations under Bangko Sentral ng Pilipinas, bank secrecy statutes, anti-money laundering laws, truth in lending, credit transactions, and landmark Supreme Court jurisprudence governing negotiable instruments.","banking law,negotiable instruments law,timoteo aquino,commercial law,bangko sentral ng pilipinas,bank secrecy,anti-money laundering,commercial paper,banking jurisprudence",advanced,KE 5625.51 N3 A6 2010,2010,"Overview of Philippine Banking Institutions and Regulations, The New Central Bank Act (RA 7653) and Monetary Board Powers, General Banking Law and Bank Operations, Secrecy of Bank Deposits Act and Exceptions, Anti-Money Laundering Act (AMLA) and Financial Compliance, Truth in Lending Act and Consumer Credit Protection, Negotiable Instruments in Commercial Transactions, Liabilities of Parties and Holders in Due Course, Presentment, Dishonor, and Discharge of Commercial Paper, Selected Supreme Court Case Annotations on Banking and Negotiable Instruments",available,on the shelf,NWU ERC OPAC
198,Notes and cases on commercial arbitration under Philippines law,"Autea, Arthur P.",Law,Alternative Dispute Resolution and Commercial Law,"Notes and Cases on Commercial Arbitration Under Philippines Law offers a comprehensive treatise on statutory frameworks and procedural rules governing domestic and international commercial arbitration in the Philippines. Authored by Arthur P. Autea, the text examines Alternative Dispute Resolution (ADR) legislation, arbitration agreements, UNCITRAL Model Law integration, arbitral tribunal procedures, judicial relief, and enforcement or vacation of arbitral awards.","commercial arbitration,alternative dispute resolution,adr law,arthur autea,uncitral model law,arbitral awards,dispute resolution,commercial law,arbitration agreements",advanced,KPM 3760 A73 A9 2013,2013,"Introduction to Alternative Dispute Resolution and Commercial Arbitration, Statutory Frameworks: RA 9285 and UNCITRAL Model Law, The Arbitration Agreement and Party Autonomy, Constitution and Jurisdiction of the Arbitral Tribunal, Arbitral Proceedings and Presentation of Evidence, Interim Relief and Court Intervention under Special ADR Rules, Recognition and Enforcement of Domestic Arbitral Awards, Recognition and Enforcement of Foreign Arbitral Awards, Grounds for Vacating or Setting Aside Arbitral Awards, Selected Supreme Court Rulings on Commercial Arbitration",available,on the shelf,NWU ERC OPAC
199,Notes and cases on special penal laws,"Boado, Leonor D.",Law,Criminal Law and Special Penal Laws,"Notes and Cases on Special Penal Laws presents an exhaustive review of statutory criminal offenses outside the Revised Penal Code of the Philippines. Authored by Leonor D. Boado, the reference text examines penal provisions, elements of offenses, and Supreme Court doctrines covering special statutes such as the Comprehensive Dangerous Drugs Act, Anti-Graft and Corrupt Practices Act, Bouncing Checks Law (BP 22), Cybercrime Prevention Act, Anti-Violence Against Women and Children (VAWC), and firearms regulation.","special penal laws,criminal law,leonor boado,dangerous drugs act,anti-graft act,bp 22,vawc,cybercrime,criminal jurisprudence,philippine penal statutes",advanced,KPM 3794.3 B6 2007,2007,"Distinction Between Revised Penal Code Crimes and Special Penal Laws, Comprehensive Dangerous Drugs Act of 2002 (RA 9165), Anti-Graft and Corrupt Practices Act (RA 3019) and Plunder, Bouncing Checks Law (Bouncing Checks Law - BP 22), Anti-Violence Against Women and Their Children Act (RA 9262), Anti-Child Abuse Law (RA 7610), Cybercrime Prevention Act and Online Offenses, Comprehensive Firearms and Ammunition Regulation Act, Special Penal Provisions in Financial and Environmental Statutes, Selected Supreme Court Case Digests on Special Penal Laws",available,on the shelf,NWU ERC OPAC
200,Notes in business law,"Soriano, Fidelito R.",Law,Business Law and Commercial Regulations,"Notes in Business Law provides a clear, structured summary of fundamental business law concepts for law students, accountancy students, and Bar/CPA board exam candidates. Authored by Fidelito R. Soriano, the review book covers the essential elements of the Law on Obligations and Contracts, Partnerships, Corporations, Sales, Credit Transactions, Negotiable Instruments, and related Philippine commercial statutes.","business law,obligations and contracts,law on partnerships,revised corporation code,sales,credit transactions,fidelito soriano,commercial law,cpa reviewer,legal outline",intermediate,KF 1355 S6 2023,2023,"General Principles of Obligations and Extinguishment, Essential Requisites and Types of Contracts, Law on Sales and Statutory Provisions, Law on Agency and Business Transactions, Law on Partnerships: Formation, Rights, and Dissolution, Law on Corporations and Governance under Revised Corporation Code, Credit Transactions: Pledge, Mortgage, and Antichresis, Negotiable Instruments Law Fundamentals, Special Commercial Laws and Review Questions",available,on the shelf,NWU ERC OPAC
201,2000 Marine directory,"Axford, J. S. Ed.",Marine,Marine Directory / Maritime Reference,"A directory and reference publication containing information related to the marine and maritime sector. It may provide listings and reference information about marine organizations, companies, services, or professionals","marine,maritime,directory,marine industry,shipping,maritime organizations,marine services,vessels",beginner,HE 565 T4 2000,2000//<N/D>,,available,on the shelf,NWU ERC OPAC
202,A marine's guide to preventing collisions,"Chhabra, Yashwant",Marine,Maritime Safety / Navigation,"A practical guide that focuses on preventing collisions at sea. It covers basic navigation and safety principles, rules for avoiding collisions, proper lookout procedures, and safe maneuvering of vessels.","marine safety,collision prevention,maritime navigation,ships,vessels,navigation rules,safety at sea,lookout,maritime regulations",intermediate,VK 371 C4 2016,2016/2ND ED./,,available,on the shelf,NWU ERC OPAC
203,A proposed marine conservation center,"Currimao, N.F.",Marine,Marine Conservation,"A study or proposal focused on establishing a marine conservation center. It may discuss the protection and preservation of marine ecosystems, research, environmental education, and programs for conserving marine resources.","marine conservation,marine ecosystems,environmental protection,marine resources,conservation center,marine biology,environmental education,sustainability",intermediate,T-CEAT C8 2019,2019,,available,on the shelf,NWU ERC OPAC
204,A Proposed Philippine aquaculture : a conservatory for marine life,"Masion, Deegel",Marine,Aquaculture / Marine Conservation,"A proposal focusing on the development of a Philippine aquaculture facility intended to conserve and protect marine life. It may cover aquaculture practices, marine ecosystem preservation, sustainable use of marine resources, research, and environmental education.","aquaculture,marine conservation,marine life,philippine aquaculture,marine ecosystems,sustainability,marine resources,conservation,environmental protection",intermediate,T-CEAT M3 2007,2007,,available,on the shelf,NWU ERC OPAC
205,Academic difficulties of marine transportation students,"Tugaoen, Shemallet G. ; Abraham, Gio Rafael ; Aspili, Reinzcol G. ; Bulong, Zyne Eugrei S. ; Callorina, Christian A. ; Icalla, James Alexander Y. ; Pante, Charls Adrian and Tumbaga, Mark Aaron",Marine,Maritime Education / Student Studies,"A study focusing on the academic challenges experienced by students enrolled in Marine Transportation. It may examine factors affecting students' academic performance, learning difficulties, study habits, and challenges related to maritime education and training.","marine transportation,maritime education,academic difficulties,students,academic performance,learning challenges,study habits,maritime training",intermediate,T-COME T8 2026,2026,,available,on the shelf,NWU ERC OPAC
206,"Admiralty notices to mariners (Weekly ed.) 03, 04, 05, 06, 07",UK Hydrographic Office,Marine,Nautical Publications / Maritime Safety,"A series of weekly nautical publications containing updates and corrections to navigational information used by mariners. It provides important notices concerning charts, sailing directions, navigational hazards, buoyage, lights, and other information needed for safe navigation.","admiralty notices to mariners,mariners,nautical charts,navigation,maritime safety,ukho,sailing directions,navigational hazards,buoyage,maritime notices",intermediate,VK798 .G83 2026,"2026//3,4,5,6,7",,available,on the shelf,NWU ERC OPAC
207,Advanced marine structures,Advanced marine structures,Marine,Marine Engineering / Naval Architecture,"A technical reference focusing on the design, analysis, and construction of marine structures such as ships and offshore structures. It covers advanced concepts related to structural strength, materials, loads, and the engineering principles used in marine structural design.","marine structures,naval architecture,marine engineering,ship structures,structural design,offshore structures,structural analysis,shipbuilding",advanced,TC1665 .C456 2016,2016,,available,on the shelf,NWU ERC OPAC
208,"An Analysis on the effects of peer pressures to the school performance on the selected third year marine students of Northwestern University, Laoag City, SY 1995-96","Alonzo, Robert ... [et al.]",Marine,Educational Research / Student Studies,"A research study examining the effects of peer pressure on the academic performance of selected third-year Marine students at Northwestern University, Laoag City, during School Year 1995–1996. It focuses on peer influence and its possible relationship to students' school performance.","peer pressure,academic performance,marine students,student behavior,education,peer influence,marine transportation,northwestern university,educational research",intermediate,T-ME A4 1995,1995,,available,on the shelf,NWU ERC OPAC
209,An introduction to the biology of marine life,"Sumich, James L.",Marine,Marine Biology,"An introductory reference that discusses the biology of marine organisms and life in ocean environments. It covers marine ecosystems, marine organisms, their characteristics, adaptations, interactions, and the environmental factors that affect life in the sea.","marine biology,marine life,marine organisms,ocean ecosystems,marine ecosystems,aquatic biology,oceanography,marine environment",intermediate,QH 91 A1 S9 1996,1996/6th Ed/,,available,on the shelf,NWU ERC OPAC
210,Analysis and design of marine structures,"Soares, C. Guedes; Das, P.K.",Marine,Marine Engineering / Naval Architecture,"A technical reference that focuses on the analysis and design of marine structures. It covers structural principles, loads, strength, materials, and engineering methods used in designing ships and other marine structures.","marine structures,structural analysis,structural design,marine engineering,naval architecture,ship design,ship structures,structural strength",advanced,TC 1665 A5 2009,2009,,available,on the shelf,NWU ERC OPAC
211,Analysis and design of marine structures [electronic resource],"Soares, C. Guedes; Das, P.K.",Marine,Marine Engineering / Naval Architecture,"An electronic reference focusing on the analysis and design of marine structures. It covers engineering principles used to assess and design ships and other marine structures, including structural strength, loads, materials, and structural analysis.","marine structures,structural analysis,structural design,marine engineering,naval architecture,ship structures,ship design,structural strength",advanced,TC 1665 A5 2009,2009,,available,on the shelf,NWU ERC OPAC
212,Annual summary of admiralty notices to mariners part 1,Admiralty Charts and Publications,Marine,Nautical Publications / Maritime Safety,"An annual reference publication that summarizes Admiralty Notices to Mariners issued during the year. It provides consolidated information and updates concerning nautical charts, sailing directions, navigational hazards, aids to navigation, and other corrections important for safe maritime navigation.","admiralty notices to mariners,annual summary,nautical charts,navigation,maritime safety,ukho,sailing directions,navigational hazards,aids to navigation",intermediate,VK 978 A3 2012,2009,,available,on the shelf,NWU ERC OPAC
213,Assessment on the welding and machining skills of marine engineering students: challenges and opportunities for improvement,"De Leon, John Paul; Delos Santos, Dexther John; Gaddao, Cedrick Leo; Dancel, Dave Ian; Canete, Kenneth; Clemente, Rheyzen; Deuz Jr., Angelito",Marine,Maritime Education / Skills Assessment,"A research study that assesses the welding and machining skills of Marine Engineering students. It examines students' practical skills, identifies challenges they encounter during technical training, and discusses possible opportunities for improving their skills and preparation for marine engineering work.","marine engineering,welding,machining,technical skills,skills assessment,maritime education,practical training,student performance,skills development",intermediate,T-COME D43 2025,2025,,available,on the shelf,NWU ERC OPAC
214,Basic electricity for marine engineering: laboratory manual,"Jueco, Jayson",Marine,Marine Engineering / Electrical Engineering,"A laboratory manual that introduces the fundamental principles of electricity as applied to marine engineering. It provides practical laboratory activities involving electrical circuits, measurements, electrical components, and basic electrical systems used in marine engineering.","basic electricity,marine engineering,electrical circuits,electrical systems,laboratory manual,electrical components,electrical measurements,marine electrical engineering",intermediate,TK 9930 J8 2020,2020,,available,on the shelf,NWU ERC OPAC
215,Basic naval architecture: manual for allied marine professions,"Rosario, Angel C.",Marine,Naval Architecture / Marine Engineering,"A foundational manual introducing the basic principles of naval architecture for students and professionals in marine-related fields. It covers fundamental concepts related to ship design, construction, stability, buoyancy, and the structure and performance of vessels.","naval architecture,marine engineering,ship design,ship construction,vessel stability,buoyancy,marine professions,ship structures",intermediate,VM 156 A5 2005,2005,,available,on the shelf,NWU ERC OPAC
216,Blind man's bluff: the untold story of American submarine espionage,"Sontag, Sherry",Marine,Naval History / Military Intelligence,"A nonfiction account of the secret intelligence operations carried out by American submarines during the Cold War. It describes submarine missions, underwater surveillance, espionage activities, and the risks faced by U.S. Navy personnel during these operations.","submarine espionage,u,s,navy,cold war,naval history,military intelligence,submarine warfare,espionage,surveillance,military operations",intermediate,S6 1999,1999,,available,on the shelf,NWU ERC OPAC
217,Boatowner's guide to marine electronics,"West, Gordon Pittman, Freeman",Marine,Marine Electronics / Boating,"A practical guide to the electrical and electronic equipment used on boats. It explains marine electronics such as navigation systems, communication equipment, wiring, batteries, and other onboard electrical systems, with guidance on installation, maintenance, and troubleshooting.","marine electronics,boating,navigation systems,marine electrical systems,batteries,wiring,communication equipment,boat maintenance,troubleshooting",intermediate,VM 325 W4 1993,1993,,available,on the shelf,NWU ERC OPAC
218,Comprehensive text and reviewer in marine engineering,"Bolado, Remigio C. and Johnny L. Idulan",Marine,Marine Engineering / Review Materials,"A comprehensive textbook and reviewer covering fundamental concepts and principles of marine engineering. It is intended as a study and review resource for students preparing for examinations and developing their knowledge of marine machinery, engines, electrical systems, and other marine engineering topics.","marine engineering,marine machinery,marine engines,marine engineering reviewer,maritime education,ship machinery,marine electrical systems,engineering review",advanced,VM 725 B6 1993,1993//<N/D>,,available,on the shelf,NWU ERC OPAC
219,Control of marine vehicle,"Ellenrieder, Karl Dietrich von",Marine,Marine Engineering / Marine Control Systems,"A technical reference that focuses on the control and operation of marine vehicles. It covers principles related to vessel motion, steering, navigation, stability, propulsion, and control systems used to manage the movement and performance of marine vehicles.","marine vehicles,marine control systems,vessel control,ship control,navigation,steering,propulsion,vessel motion,marine engineering",advanced,VM605 .E45 2021,2021//volume 9,,available,on the shelf,NWU ERC OPAC
220,Design of marine facilities : engineering for port and harbor structures,"Gaythwaite, John",Marine,Coastal and Port Engineering / Marine Structures,"A technical reference focusing on the engineering design of marine facilities, particularly port and harbor structures. It covers the principles used in planning, designing, and constructing facilities such as docks, piers, wharves, breakwaters, and other structures used in coastal and maritime environments.","marine facilities,port engineering,harbor structures,coastal engineering,marine structures,ports,harbors,docks,piers,wharves,breakwaters",advanced,TC205 .G29 2016,2016,,available,on the shelf,NWU ERC OPAC
221,Design principles of ships and marine structures,"Misra, S. C.",Marine,Naval Architecture / Marine Structures,"A technical reference that discusses the fundamental principles involved in designing ships and other marine structures. It covers concepts related to ship design, structural strength, stability, materials, loads, and engineering considerations for safe and efficient marine structures.","ship design,marine structures,naval architecture,marine engineering,structural design,ship stability,structural strength,shipbuilding,marine engineering principles",advanced,VM145 .M57 2016,2016,,available,on the shelf,NWU ERC OPAC
222,Developmental biology of the sea urchin and other marine invertebrates : methods and protocols,"Carroll, David J. ; Stricker, Stephen A.,eds.",Marine,Marine Biology / Developmental Biology,"A scientific reference focusing on the development of sea urchins and other marine invertebrates. It presents laboratory methods and protocols used to study embryonic development, reproduction, cell biology, genetics, and developmental processes in marine organisms.","developmental biology,sea urchin,marine invertebrates,embryology,marine biology,laboratory methods,protocols,reproduction,cell biology,genetics",advanced,QL 384 D48 2021,2021/SECOND EDITION/,,available,on the shelf,NWU ERC OPAC
223,Dictionary of marine technology,"Taylor, D.A",Marine,Marine Technology / Dictionary,"A reference dictionary containing terms, definitions, and technical concepts related to marine technology. It is useful for students, professionals, and researchers who need to understand terminology used in marine engineering, shipbuilding, navigation, and other maritime fields.","marine technology,maritime terminology,marine engineering,shipbuilding,navigation,maritime terms,technical dictionary,marine science",intermediate,VM 600 T3 1989,1989//<N/D>,,available,on the shelf,NWU ERC OPAC
224,Difficulties and coping strategies in simulation based training of bachelor of science in marine transportation students,"Cabacungan, Frank Justine A. ; Casil, Christian Dave T. ; Domingo, Neil Bryan H. ; Estebar, John Mark ; Jamorabon, Klein Michael G. ; Ramos, Raymund V. ; Rivera, Aaron Clyde A. and Sanchez, Eldrin",Marine,Maritime Education / Training and Simulation,"A research study that examines the difficulties experienced by Bachelor of Science in Marine Transportation students during simulation-based training and the strategies they use to cope with these challenges. It focuses on simulator-based learning, student experiences, training difficulties, and ways to improve maritime education and practical training.","marine transportation,maritime education,simulation-based training,maritime students,coping strategies,training difficulties,ship simulator,practical training,student experiences",intermediate,T-COME C3 2026,2026,,available,on the shelf,NWU ERC OPAC
225,Electricity from wave and tide : an introduction to marine energy,Paul A. Lynn,Marine,Renewable Energy / Marine Energy,"An introductory book about generating electricity from ocean waves and tides. It explains the basic principles of marine energy, how wave and tidal energy technologies work, and their potential as renewable and sustainable sources of electricity.","marine energy,wave energy,tidal energy,renewable energy,electricity generation,ocean energy,sustainable energy,wave power,tidal power",intermediate,TK1081 .L95 2014,2014,,available,on the shelf,NWU ERC OPAC
226,Fatigue design of marine structures,"Inge Lotsberg, Det Norske Veritas-Germanischer Lloyd, Norway",Marine,Marine Structures / Structural Engineering,"A technical reference focusing on the principles and methods used to design marine structures against fatigue failure. It covers structural loads, repeated or cyclic stresses, fatigue analysis, structural strength, and design considerations for ships and other marine structures.","fatigue design,marine structures,structural engineering,naval architecture,fatigue analysis,cyclic loading,structural strength,ship structures,marine engineering",advanced,TC1665 .L68 2016,2016,,available,on the shelf,NWU ERC OPAC
227,Faunal diversity in the marine coastal zone,"de la Paz, Reynaldo M. ; Gomez, Edgardo P.",Marine,Marine Biology / Marine Ecology,"A scientific reference focusing on the variety of animal life found in marine coastal environments. It may discuss marine organisms, their habitats, distribution, ecological relationships, and the factors that influence biodiversity in coastal zones.","faunal diversity,marine biology,marine ecology,coastal zone,marine organisms,biodiversity,coastal ecosystems,marine animals,habitats",intermediate,QH 77 D4 1995,1995,,available,on the shelf,NWU ERC OPAC
228,"Festivals sourcebook : a reference guide to fairs, festivals and celebration in agriculture, antiques, the arts, theater and drama, arts and crafts, community, dance ethnic events, film, folk, food and drink, history, Indians, marine, music, seasons, and","Wasserman, Paul; Applebaum, Edmond L., editors",Marine,Festivals / Cultural Events,"A reference guide providing information about fairs, festivals, and celebrations covering a wide range of subjects, including agriculture, arts and crafts, community events, ethnic celebrations, food and drink, history, marine events, music, and seasonal celebrations.","festivals,fairs,celebrations,cultural events,agriculture,arts,crafts,community,ethnic events,food,history,marine,music,seasons",beginner,GT 4802 F4 1984,1984/2nd ed./<N/D>,,available,on the shelf,NWU ERC OPAC
229,Fundamentals of marine engineering,"United Professors of Mathematics, Engineering and Sciences",Marine,Marine Engineering,"A foundational textbook covering the basic principles and practices of marine engineering. It introduces marine machinery, propulsion systems, engines, auxiliary equipment, and other engineering systems used aboard ships.","marine engineering,marine engines,ship machinery,propulsion systems,marine equipment,shipboard systems,marine engineering principles",intermediate,VM 600 U6 2000,2000,,available,on the shelf,NWU ERC OPAC
230,Hearst Marine books: practical small powerboat maintenance,"Berrien, Allen D.",Marine,Marine Maintenance / Boating,"A practical guide focused on the maintenance and care of small powerboats. It covers basic boat maintenance, engines, mechanical and electrical systems, troubleshooting, and routine procedures needed to keep a small powerboat safe and in good working condition.","powerboat maintenance,marine maintenance,boating,small boats,boat engines,marine equipment,troubleshooting,boat care,mechanical systems",intermediate,VM 341 B4 1995,1995//<N/D>,,available,on the shelf,NWU ERC OPAC
231,High school marine science studies: fluid earth,"Chave, E.H., ed.",Marine,Marine Science / Earth Science,"An educational resource designed to introduce high school students to marine science and the Earth's fluid systems. It covers topics related to oceans, water, marine environments, and the physical processes that shape the Earth's aquatic systems.","marine science,earth science,oceans,water,marine environment,oceanography,high school science,fluid earth",beginner,GC 31 H5 1982,1982,,available,on the shelf,NWU ERC OPAC
232,Hydrostatics and stability of marine vehicles : theory and practice,"Lee, Byung Suk",Marine,Naval Architecture / Marine Engineering,"A technical reference covering the principles of hydrostatics and stability as applied to ships and other marine vehicles. It discusses buoyancy, equilibrium, centers of gravity and buoyancy, stability analysis, and practical applications in marine vehicle design and operation.","hydrostatics,marine stability,marine vehicles,naval architecture,buoyancy,ship stability,center of gravity,center of buoyancy,marine engineering",advanced,VM159 L44 2019,2019// volume 7,,available,on the shelf,NWU ERC OPAC
233,Information engineering for ports and marine environments,"Lin Mu, Lizhe Wang, Mingwei Wang.",Marine,Marine Information Systems / Port Engineering,"A technical reference focusing on the application of information engineering in ports and marine environments. It covers the use of information systems, data, technology, and engineering methods to support port operations, marine activities, environmental management, and decision-making.","information engineering,ports,marine environments,port operations,marine technology,information systems,data management,maritime engineering",advanced,TC1665 M8 2020,2020,,available,on the shelf,NWU ERC OPAC
234,Information engineering of emergency treatment for marine oil spill accidents,"Lin Mu, Lizhe Wang, Jining Yan.",Marine,Marine Pollution / Oil Spill Response,"A technical reference focusing on the use of information engineering and technology in responding to marine oil spill accidents. It covers emergency response, information management, oil spill monitoring, environmental protection, and methods for managing and mitigating the effects of oil spills in marine environments.","marine oil spills,emergency response,information engineering,marine pollution,oil spill management,environmental protection,spill monitoring,maritime safety",advanced,TD427.P4,2020,,available,on the shelf,NWU ERC OPAC
235,International signs to provide guidance to persons at airports and marine terminals,International Maritime Organization,Marine,Transportation Signage / Marine Terminals,"A reference guide focusing on standardized international signs used to provide directions and information to passengers and visitors at airports and marine terminals. It covers visual symbols and signage intended to improve navigation, communication, and accessibility in transportation facilities.","international signs,airport signs,marine terminals,transportation signage,visual symbols,passenger guidance,maritime transportation,airport navigation,terminal signs",beginner,TL 725.3 I5 1995,1995,,available,on the shelf,NWU ERC OPAC
236,Introduction to marine engineering,"Taylor, D.A.",Marine,Marine Engineering,"A foundational textbook that introduces the basic principles and practices of marine engineering. It covers ship machinery, marine engines, propulsion systems, auxiliary machinery, and other engineering systems used in ships.","marine engineering,marine engines,ship machinery,propulsion systems,auxiliary machinery,marine equipment,shipboard systems",intermediate,VM 600 T3 1996,1996/2nd ed./<N/D>,,available,on the shelf,NWU ERC OPAC
237,"Knots, bends, and hitches for mariners",THe United States Power Squadrons,Marine,Seamanship / Ropework,"A practical guide to knots, bends, and hitches used in maritime work. It explains different types of ropework and their practical applications in securing, joining, handling, and working with ropes aboard vessels.","knots,bends,hitches,seamanship,ropework,maritime skills,ropes,nautical skills,marine operations",beginner,VM 533 K6 2006,2006,,available,on the shelf,NWU ERC OPAC
238,Life-cycle of structures under uncertainty : emphasis on fatigue-sensitive civil and marine structures,"Frangopol, Dan M.",Marine,Structural Engineering / Marine Structures,"A technical reference focusing on the life-cycle assessment and management of civil and marine structures under uncertain conditions. It emphasizes fatigue-sensitive structures and discusses structural reliability, fatigue, maintenance, deterioration, risk, and decision-making throughout a structure's life cycle.","structural engineering,life-cycle assessment,uncertainty,fatigue,marine structures,civil structures,structural reliability,maintenance,deterioration,risk analysis",advanced,TA418.4 F73 2019,2019,,available,on the shelf,NWU ERC OPAC
239,Management of marine design,"Erichsen, Stain",Marine,Marine Engineering / Naval Architecture,"A technical reference focusing on the management and planning of marine design projects. It covers design processes, project coordination, engineering requirements, decision-making, and the development of ships and other marine structures.","marine design,design management,naval architecture,marine engineering,ship design,engineering design,project management,marine structures",advanced,VM 770 E7 1989,1989//<N/D>,,available,on the shelf,NWU ERC OPAC
240,Marine accident investigation branck (MAIB),"Marriott, P.B.",Marine,Marine Safety / Accident Investigation,"A maritime reference concerning the investigation of marine accidents and incidents. It provides information related to accident investigations, findings, safety recommendations, and lessons intended to help improve maritime safety and prevent similar accidents.","marine accident investigation,maib,maritime safety,ship accidents,marine incidents,accident reports,safety recommendations,maritime transportation",intermediate,VK 1270 M3 1994,1994//<N/D>,,available,on the shelf,NWU ERC OPAC
241,Marine aircon system specialist : tutorial guide fast and easy book 14,"Garupa, Melchor A.",Marine,Marine Engineering / Refrigeration and Air Conditioning,"A practical tutorial guide covering marine air-conditioning systems. It introduces the basic principles, components, operation, maintenance, troubleshooting, and repair of air-conditioning systems used aboard ships and other marine vessels.","marine air conditioning,marine refrigeration,hvac,marine engineering,aircon systems,refrigeration systems,maintenance,troubleshooting,ship systems",intermediate,TH 7678 G3 1999,1999//<N/D>,,available,on the shelf,NWU ERC OPAC
242,Marine automation,"Escollano,Augusto U.",Marine,Marine Engineering / Automation and Control Systems,"A technical reference focusing on automation systems used in marine engineering. It covers automatic control, monitoring systems, sensors, instrumentation, and automated machinery used to operate and manage shipboard systems.","marine automation,marine engineering,automation systems,control systems,ship automation,sensors,instrumentation,monitoring systems,automatic control",advanced,VK 560 E8 2015,2001,,available,on the shelf,NWU ERC OPAC
243,Marine auxiliary machinery,"McGeorge, H.D.",Marine,Marine Engineering / Auxiliary Machinery,"A technical reference covering the auxiliary machinery and equipment used aboard ships. It discusses systems such as pumps, compressors, boilers, purifiers, refrigeration equipment, and other machinery that supports the main propulsion system and ship operations.","marine auxiliary machinery,marine engineering,ship machinery,pumps,compressors,boilers,purifiers,refrigeration,auxiliary systems",advanced,VM 765 M3 1995,1995/7th ed./<N/D>,,available,on the shelf,NWU ERC OPAC
244,Marine biology,"Castro, Peter Huber, Michael E.",Marine,Marine Biology,"A textbook or reference covering the study of marine organisms and their environments. It explores marine ecosystems, ocean life, biodiversity, adaptations, and the relationships between organisms and their marine environment.","marine biology,marine organisms,ocean life,marine ecosystems,biodiversity,oceanography,marine environment,aquatic biology",intermediate,QH 91 C3 2003,2003/4th ed./,,available,on the shelf,NWU ERC OPAC
245,Marine biology : an ecological approach,"Nybakken, James W.",Marine,Marine Biology / Marine Ecology,"A textbook that examines marine organisms and their relationships with the ocean environment from an ecological perspective. It covers marine ecosystems, biodiversity, adaptations, communities, environmental factors, and interactions among marine organisms.","marine biology,marine ecology,marine organisms,marine ecosystems,biodiversity,ocean environment,ecology,marine communities,aquatic science",intermediate,QH 91 N9 1988,1988/2nd ed./<N/D>,,available,on the shelf,NWU ERC OPAC
246,Marine boilers,"Flanagan, G.T.H.",Marine,Marine Engineering / Boiler Systems,"A technical reference covering boilers used aboard ships. It discusses boiler construction, operation, components, steam generation, maintenance, safety procedures, and the role of boilers in marine engineering systems.","marine boilers,marine engineering,steam generation,boiler systems,ship machinery,boiler operation,boiler maintenance,maritime engineering,steam systems",advanced,VM 741 F4 1990,1990/3rd ed./<N/D>,,available,on the shelf,NWU ERC OPAC
247,Marine composites : design and performance,"Pemberton, Richard ; Summerscales, John and Graham-Jones, Jasper",Marine,Marine Materials / Composite Engineering,"A technical reference focusing on the design, properties, and performance of composite materials used in marine applications. It covers composite materials, structural design, strength, durability, manufacturing, and their applications in boats, ships, and other marine structures.","marine composites,composite materials,marine engineering,structural design,materials engineering,boat construction,shipbuilding,durability,composite structures",advanced,TS 167 M3 2019,2019,,available,on the shelf,NWU ERC OPAC
248,Marine Corrosion and Cathodic Protection,"Googan, C. G.",Marine,Marine Engineering / Corrosion Protection,"A technical reference that discusses corrosion of metals in marine environments and methods used to prevent or control it. It covers corrosion mechanisms, cathodic protection, sacrificial anodes, impressed-current systems, corrosion monitoring, and maintenance of marine structures and equipment.","marine corrosion,cathodic protection,corrosion prevention,sacrificial anodes,impressed current,marine engineering,corrosion control,marine structures,metal protection",advanced,TC1670 G66 2022,2022,,available,on the shelf,NWU ERC OPAC
249,"Marine diesel engines : maintenance, troubleshooting, and repair","Calder, Nigel",Marine,Marine Engineering / Diesel Engines,"A practical technical reference covering the operation, maintenance, troubleshooting, and repair of marine diesel engines. It discusses engine components, routine maintenance, common problems, diagnostic procedures, and repair techniques used for diesel engines in marine applications.","marine diesel engines,diesel engines,marine engineering,engine maintenance,troubleshooting,engine repair,ship machinery,diesel engine components",intermediate,VM 770 C3 2007,2007/3RD ED./,,available,on the shelf,NWU ERC OPAC
250,Marine diesels,"Burghardt, M. David Kingsley, George P.",Marine,Marine Engineering / Diesel Engines,"A technical reference covering diesel engines used in marine vessels. It introduces the operation, components, performance, maintenance, and applications of marine diesel engines and their role in ship propulsion and onboard power generation.","marine diesels,marine diesel engines,diesel engines,marine engineering,ship propulsion,engine operation,engine maintenance,marine machinery",intermediate,VM 770 B8 1981,1981,,available,on the shelf,NWU ERC OPAC
251,Wong's Essentials of Pediatric Nursing,"Hockenberry,Marilyn J.",Nursing,Pediatric Nursing,"A comprehensive nursing textbook that focuses on the care of infants, children, and adolescents. It covers pediatric health assessment, common health problems, nursing care, growth and development, and family-centered care.","pediatric nursing,child health,children,infants,adolescents,nursing care,growth and development,pediatric health,family-centered care",intermediate,RJ 245 W6 2016,2016/10TH EDITION/,"Perspectives of Pediatric Nursing, Family, Social, Cultural, and Religious Influences on Child Health Promotion, Developmental and Genetic Influences on Child Health Promotion, Communication and Physical Assessment of the Child and Family, Pain Assessment in and Management in Childrens, Infectious Disease, Health Promotion of the Newborn and Family, Health Problems of Newborns, Health Promotion of the Infant and Family, Health Problem of Infants, Health Promotion of the Toddler and Family, Health Promotion of the Preschooler and Family, Health Problems of Toddlers and Preschoolers, Health Promotion of the School Age Child and Family, Health Promotion of the Adolescent and Family, Health Problems of School Age Children and Adolescents, Quality of Life for Children Living with Chronic or Complex Diseases, Impact of Cognitive or Sensory Impairment on the Child and Family, Family-Centered Care of the Child During Illness and Hospitalization, Pediatric Variations of Nursing Interventions, The Child with Respiratory Dysfunction, The Child with Gastrointestinal Dysfunction, The Child with Cardiovascular Dysfunction, The Child with Hematologic or Immunologic Dysfunction, NEW! The Child with Cancer, The Child with Genitourinary Dysfunction, The Child with Cerebral Dysfunction, The Child with Endocrine Dysfunction, The Child with Musculoskeletal or Articular Dysfunction, The Child with Neuromuscular or Muscular Dysfunction",available,portal,NWU ERC OPAC
252,Leadership Roles and Management Functions in Nursing: Theory and Application,"Marquis, Bessie L.; Huston, Carol J.",Nursing,Nursing Leadership and Management,"Leadership Roles and Management Functions in Nursing: Theory and Application, 9th Edition, is a nursing textbook that focuses on leadership, management, decision-making, organizational planning, staffing, communication, delegation, conflict management, and quality control. It provides nursing students and professionals with theoretical concepts and practical applications for developing effective leadership and management skills in healthcare organizations.","nursing leadership,nursing management,nurse administrators,leadership roles,management functions,decision making,critical thinking,organizational planning,change management,time management,staffing,communication,delegation,conflict management,quality control,performance appraisal,nursing administration",advanced,RT 89 M3 2017,2017/9TH ED./,,available,portal,NWU ERC OPAC
253,Nursing 2022 Drug Handbook,"Woods, Anne Dabrow; et al.",Nursing,"Pharmacology, Drug Therapy","Nursing 2022 Drug Handbook is a nursing-focused drug reference that provides information about medications, including drug actions, indications, dosages, adverse reactions, interactions, warnings, nursing considerations, and patient teaching. It is designed to help nurses and nursing students safely administer medications and understand important drug-related information. The handbook includes an alphabetical listing of drugs by generic name, new drugs, drug classifications, medication safety information, and additional reference materials.","nursing pharmacology,drug handbook,drug therapy,medication administration,medications,drug interactions,adverse reactions,drug dosage,nursing considerations,patient teaching,pharmacology,medication safety,generic drugs,brand-name drugs,therapeutic drugs",advanced,RM 301.12 W8 2022,2022,,available,portal,NWU ERC OPAC
254,RN Adult Medical Surgical Nursing Review Module,"Sommer, Sheryl, et al., Contributors",Nursing,Adult Medical-Surgical Nursing,"RN Adult Medical Surgical Nursing Review Module, Edition 9.0, is a comprehensive nursing review resource designed to help nursing students develop knowledge and critical-thinking skills related to the care of adult clients. It covers foundational nursing care, body systems and physiological disorders, diagnostic and therapeutic procedures, and perioperative nursing care. The module also includes application exercises and NCLEX-style questions to help learners apply nursing concepts in clinical situations.","adult medical-surgical nursing,nursing care,adult health,nursing assessment,nursing interventions,medical-surgical disorders,physiological disorders,nursing procedures,diagnostic procedures,therapeutic procedures,perioperative nursing,critical thinking,nclex-rn,nursing review,patient care",advanced,RT 55 R4 2013,2013,,available,portal,NWU ERC OPAC
255,Health and Physical Assessment in Nursing,"D'Amico, Donita; Barbarito, Colleen",Nursing,Health and Physical Assessment,"Health and Physical Assessment in Nursing is a nursing textbook that focuses on the knowledge and skills needed to perform comprehensive health and physical assessments. It discusses methods of collecting health histories, performing physical examinations, recognizing normal and abnormal findings, and applying assessment information to patient care. The book also emphasizes holistic nursing and health promotion through the assessment of individuals across different stages of life.","nursing assessment,health assessment,physical assessment,physical examination,health history,patient assessment,nursing methods,health promotion,holistic nursing,physical diagnosis,clinical assessment,patient care,nursing examination",intermediate,RT 48 D3 2012,2012,,available,on the shelf,NWU ERC OPAC
256,Mental Health Concepts,"Kalman, Natalie Waughfield; Kalman, Claire G.",Nursing,Psychiatric and Mental Health Nursing,"Mental Health Concepts is a nursing textbook that introduces fundamental concepts related to mental health, psychiatric nursing, and mental disorders. It discusses the principles of mental health care, prevention and control of mental disorders, and the role of nurses in providing care to individuals experiencing psychological and psychiatric problems. The book is intended to help nursing students develop an understanding of mental health concepts and their application to nursing practice.","mental health,psychiatric nursing,mental disorders,mental health nursing,psychiatric care,mental health promotion,prevention of mental disorders,nursing care,psychological health,psychiatric patients,therapeutic nursing",intermediate,RC 440 K3 1993,1983,,available,on the shelf,NWU ERC OPAC
257,Fast Facts for Health Promotion in Nursing: Promoting Wellness in a Nutshell,"Miller, Carol A.",Nursing,Health Promotion and Wellness,"Fast Facts for Health Promotion in Nursing: Promoting Wellness in a Nutshell is a practical nursing reference focused on incorporating health promotion and wellness into patient care. It provides nurses with evidence-based strategies, assessment tools, teaching techniques, and practical interventions that promote physical, mental, emotional, social, and spiritual well-being. The book also discusses wellness topics such as stress management, nutrition, physical activity, cardiovascular health, respiratory health, urinary health, sexual health, and sleep.","health promotion,wellness,nursing care,health education,patient teaching,wellness assessment,health behavior,self-care,stress management,spiritual wellness,nutrition,physical activity,cardiovascular wellness,respiratory wellness,urinary wellness,sexual wellness,sleep wellness,holistic nursing",intermediate,RT 90.3 .M5 2013,2013,,available,portal,NWU ERC OPAC
258,Nursing Practice in the Community,"Maglaya, Arceli S., ed.",Nursing,Community Health Nursing,"Nursing Practice in the Community, 4th Edition, is a Philippine nursing reference that focuses on the practice of nursing in community settings. It discusses the nursing process, community assessment, health promotion, disease prevention, family and community care, and the roles and responsibilities of nurses in addressing the health needs of individuals, families, and communities. The book provides practical concepts and approaches relevant to community-based nursing practice in the Philippine setting.","community nursing,community health nursing,nursing practice,nursing process,community assessment,family nursing,health promotion,disease prevention,public health,community health,philippine nursing,family health,community-based care,nursing interventions",intermediate,RT 41 N8 2004,2004,,available,portal,NWU ERC OPAC
259,"Nursing: A Concept-Based Approach to Learning, Vol. 1",Pearson,Nursing,"Fundamentals of Nursing, Concept-Based Nursing","Nursing: A Concept-Based Approach to Learning, Volume 1 is a nursing textbook that introduces essential nursing concepts and skills through a concept-based learning approach. It focuses on understanding fundamental nursing principles, patient care, health and wellness, safety, communication, clinical reasoning, and the application of nursing concepts to different patient situations. The book is designed to help nursing students develop foundational knowledge and apply concepts to nursing practice.","nursing,nursing care,fundamentals of nursing,concept-based nursing,nursing concepts,patient care,health and wellness,nursing skills,clinical reasoning,patient safety,communication,nursing practice,nursing assessment,evidence-based practice",intermediate,RT40 .N8 2015 VOL 1,2015,,available,on the shelf,NWU ERC OPAC
260,"Nursing : a concept-based approach to learning, vol 2",Pearson,Nursing,"Concept-Based Nursing, Nursing Care","Nursing: A Concept-Based Approach to Learning, Volume 2 presents nursing education through a concept-based approach that emphasizes understanding relationships among nursing concepts rather than relying only on memorization. It covers psychosocial concepts, reproduction, nursing practice, and healthcare-related concepts. The volume helps nursing students develop clinical reasoning and apply concepts to patient care, professional practice, healthcare systems, and safety.","nursing,nursing care,concept-based nursing,psychosocial nursing,reproduction,clinical reasoning,nursing assessment,caring interventions,communication,collaboration,nursing management,professionalism,patient education,accountability,advocacy,ethics,evidence-based practice,healthcare systems,informatics,legal issues,quality improvement,patient safety",intermediate,RT40 .N8 2013 VOL 2,2013,,available,on the shelf,NWU ERC OPAC
261,Leadership in Nursing Practice: Changing the Landscape of Health Care,"Weberg, Dan; Mangold, Kara; Porter-O'Grady, Tim; Malloch, Kathy",Nursing,Nursing Leadership and Management,"Leadership in Nursing Practice: Changing the Landscape of Health Care focuses on the role of leadership in modern nursing practice and healthcare organizations. It explores leadership theories, organizational change, innovation, teamwork, communication, professional development, and the challenges facing healthcare leaders. The book emphasizes practical leadership approaches that can help nurses improve patient care, work environments, and healthcare outcomes.","nursing leadership,nursing management,nurse administrators,healthcare leadership,organizational change,leadership theories,professional competence,nursing administration,teamwork,communication,innovation,healthcare organizations,professional development,patient care,quality improvement,leadership skills",advanced,RT 89 L4 2019,2019,,available,portal,NWU ERC OPAC
262,Principle of Nursing in Oncology: New Challenges,"Charnay-Sonnek, Françoise; Murphy, Anne E",Nursing,Oncology Nursing,"Principle of Nursing in Oncology: New Challenges is a specialized nursing textbook that focuses on the changing role of oncology nurses and the challenges associated with modern cancer care. It covers cancer biology, prevention, cancer treatments, targeted therapies, immunotherapy, oncology nursing diagnosis, therapeutic education, supportive care, genetic counseling, eHealth, and shared decision-making. The book takes a holistic approach to oncology nursing for both adult and pediatric patients and emphasizes evidence-based and advanced nursing practice.","oncology nursing,cancer nursing,cancer care,cancer prevention,carcinogenesis,chemotherapy,targeted therapy,immunotherapy,robotic surgery,nursing diagnosis,therapeutic education,supportive care,genetic counseling,ehealth,pediatric oncology,adult oncology,cancer treatment,shared decision-making,advanced nursing practice",advanced,RC 266 C5 2019,2019,"Basis of Carcinogenesis, Epidemiology and Prevention, Evidence-Based Nursing in Basic Anticancer Treatment: Management of the Most Important Side Effects, The Patients' Journey with Targeted Therapies, Immunotherapy: New Challenges for Nursing ,Robotic Surgery, Relational Competences, Nursing Diagnosis Specific to Oncology, Model of Announcing a Diagnosis of Cancer: The French Experience, Therapeutic Education, The Advanced Breast Cancer Nurse: A Key Role in the Metastatic Breast Cancer Patient Health Itinerary, Gynecological Cancer, The Patient Journey in Prostate Cancer: Key Points for Nurses, Bladder Cancer and Renal Cancer, Management of Pleural Burden in Metastatic Lung Cancer and Malignant Pleural Mesothelioma, Gastric Cancer, Pancreatic Cancer, Evidence-Based Nursing of Patients with Hematologic Malignancies, Advanced Nursing Practice: The Way to Go? – How to Progress in Your Specialty",available,portal,NWU ERC OPAC
263,Community and Public Health Nursing: Promoting the Health of Populations,"Nies, Mary A.; McEwen, Melanie",Nursing,Community and Public Health Nursing,"Community and Public Health Nursing: Promoting the Health of Populations is a nursing textbook that focuses on promoting and protecting the health of individuals, families, communities, and populations. It integrates nursing and public health principles and covers community assessment, epidemiology, health promotion, disease prevention, health education, primary health care, community organizing, and population-focused nursing practice. The Philippine edition also addresses the Philippine health care delivery system and community health programs relevant to local nursing practice.","community health nursing,public health nursing,population health,health promotion,disease prevention,community assessment,epidemiology,health education,primary health care,community organizing,family health,public health,philippine health care system,communicable diseases,environmental health,community nursing,population-focused nursing",advanced,RT 98 N5 2015,2015,,available,on the shelf,NWU ERC OPAC
264,Williams Basic Nutrition and Diet Therapy,"Nix, Staci",Nursing,Nutrition and Diet Therapy,"Williams Basic Nutrition and Diet Therapy is a nursing-focused textbook that provides a comprehensive foundation in nutrition and therapeutic diet therapy. It covers basic nutrients, digestion and metabolism, nutrition throughout the life cycle, community nutrition, weight management, physical fitness, and clinical nutrition. It also discusses nutrition care for conditions such as gastrointestinal disorders, coronary heart disease, hypertension, diabetes, kidney disease, cancer, and AIDS.","nutrition,diet therapy,nursing nutrition,nutritional requirements,carbohydrates,fats,proteins,vitamins,minerals,digestion,metabolism,energy balance,life-cycle nutrition,health promotion,weight management,physical fitness,nutrition care,diabetes,kidney disease,cardiovascular disease,nutritional support",intermediate,RM 216 W6 2017,2017/15TH EDITION/,"Introduction to Basic Principles of Nutrition Science Food, Nutrition, and Health, Carbohydrates, Fats, Proteins, Digestion, Absorption, and Metabolism, Energy Balance, Vitamins, Minerals, Water Balance, Nutrition Throughout the Life Cycle, Nutrition During Pregnancy and Lactation, Nutrition During Infancy, Childhood, and Adolescence, Nutrition for Adults: The Early, Middle, and Later Years, Community Nutrition and Health Care, Community Food Supply and Health, Food Habits and Cultural Patterns, Weight Management, Nutrition and Physical Fitness, Clinical Nutrition, Nutritional Care, Gastrointestinal and Accessory Organ Problems, Coronary Heart Disease and Hypertension, Diabetes Mellitus, Kidney Disease, Surgery and Nutritional Support, Nutritional Support in Cancer and AIDS",available,portal,NWU ERC OPAC
265,Handbook of Emergency Nursing: The Nursing Process Approach,"Moward, Linda",Nursing,Emergency Nursing,"Handbook of Emergency Nursing: The Nursing Process Approach is a reference book focused on nursing care in emergency and critical-care settings. It applies the nursing process to the assessment, prioritization, and management of patients with urgent and emergency conditions. The book covers emergency assessment and triage, priority setting, critical care, emergency interventions, and nursing management of patients requiring immediate care.","emergency nursing,emergency care,critical care nursing,nursing process,emergency assessment,triage,priority setting,emergency interventions,patient assessment,acute care,critical care,emergency services,nursing management",advanced,RT 120 M6 1988,1988,,available,on the shelf,NWU ERC OPAC
266,Nurse's Pocket Drug Guide 2009,"Barberio, Judith A., Gomella, Leonard G., ed.",Nursing,Pharmacology / Drug Therapy,"Nurse's Pocket Drug Guide 2009 is a concise medication reference designed for nurses and other healthcare professionals. The fifth edition provides information on more than 1,000 commonly used medications, including generic, brand-name, and over-the-counter drugs. It covers drug classifications, indications and uses, actions, dosages, cautions, contraindications, side effects, interactions, laboratory monitoring, and nursing indications or patient education. It also includes commonly used medicinal herbs and emergency cardiac care guidelines.","nursing pharmacology,drug guide,medications,drug therapy,medication administration,drug classification,generic drugs,brand-name drugs,dosage,contraindications,side effects,drug interactions,patient education,nursing indications,laboratory monitoring,medicinal herbs,emergency cardiac care",advanced,RM 301.12 N8 2009,2009,,available,on the shelf,NWU ERC OPAC
267,Evidence-Based Nursing: The Research-Practice Connection,"Brown, Sarah Jo.",Nursing,Evidence-Based Nursing / Nursing Research,"Evidence-Based Nursing: The Research-Practice Connection introduces nursing students and practicing nurses to the principles of evidence-based practice. It explains how research findings can be connected to clinical nursing practice and provides guidance on understanding research methodology, evaluating research evidence, and applying evidence to patient care. The book emphasizes critical appraisal and the use of research to support informed nursing decisions.","evidence-based nursing,evidence-based practice,nursing research,research methodology,research evidence,critical appraisal,clinical practice,research-practice connection,nursing research methods,clinical decision-making,research utilization,nursing evidence,patient care",advanced,RT 81.5 B7 2009,2009,,available,on the shelf,NWU ERC OPAC
268,"Family Health Care Nursing: Theory, Practice, and Research","Kaakinen, Joanna Rowe; Coehlo, Deborah Padgett; Steele, Rose; Robinson, Melissa, edis.",Nursing,Family Health Nursing,"Family Health Care Nursing: Theory, Practice, and Research provides a theory-guided and evidence-based approach to nursing care for families throughout the life cycle. It covers family nursing theories, family assessment and intervention, health promotion, family policy, genomics, chronic illness, palliative and end-of-life care, trauma, childbearing, child health, adult acute care, mental health, and community and public health nursing. The 6th edition also addresses LGBTQ families and changing family and health-care dynamics.","family nursing,family health,family health care,family nursing theory,family assessment,family intervention,health promotion,family policy,health disparities,genomics,chronic illness,palliative care,end-of-life care,trauma,childbearing families,child health,adult acute care,mental health,community health nursing,lgbtq families",advanced,RT 120 F3 2018,2018/6TH EDITION/,"Foundation in Family Health Care Nursing, Families Across the Health Continuum, Nursing Care of Families in Clinical Areas",available,portal,NWU ERC OPAC
269,Gerontological Nursing,"Eliopoulos, Charlotte",Nursing,Gerontological Nursing,"Gerontological Nursing provides a comprehensive foundation for nursing care of older adults. The 9th edition covers the aging experience, theories of aging, diversity, life transitions, age-related changes, holistic assessment, legal and ethical issues, health promotion, medication safety, and the management of common health conditions affecting older adults. It also addresses nursing care across acute, long-term, rehabilitative, and end-of-life settings.","gerontological nursing,geriatric nursing,older adults,aging,theories of aging,holistic assessment,health promotion,nutrition,medication safety,chronic conditions,acute care,long-term care,rehabilitation,family caregiving,end-of-life care,dementia,neurologic disorders,cardiovascular care,respiratory care,mobility,mental health",advanced,RC 954 E4 2018,2018/9TH EDITION/,,available,portal,NWU ERC OPAC
270,Nursing Older People,"Redfern, Sally J., Ross, Fiona M., ed.",Nursing,Gerontological Nursing,"Nursing Older People provides a comprehensive approach to caring for older adults, with emphasis on maintaining independence, autonomy, health, and quality of life. The 4th edition covers the aging population, policy and health-care services, assessment, communication, mobility, nutrition, elimination, sleep, pain, dementia, depression, medications, end-of-life care, health promotion, complementary therapies, abuse, and caregiving. It also addresses the organization and delivery of health and social care services for older people.","gerontological nursing,geriatric nursing,older people,aging,older adults,nursing care,health promotion,independence,autonomy,communication,mobility,nutrition,elimination,dementia,depression,pain management,medications,end-of-life care,elder abuse,caregiving,health services",advanced,RC 954 N8 2006,2006/4th ed./,,available,on the shelf,NWU ERC OPAC
271,Critical Care Nursing,"Vazquez, Moya ; Lazear, Susan Engman ; Larson, Elaine L.",Nursing,Critical Care Nursing,"Critical Care Nursing is a specialized nursing textbook focused on the care of critically ill patients in intensive and acute-care settings. The 2nd edition provides guidance on assessment, nursing care, and management of patients experiencing serious and life-threatening conditions. It emphasizes critical care nursing practice, physiological assessment, nursing interventions, and the application of the nursing process in the care of critically ill patients.","critical care nursing,intensive care nursing,critically ill patients,critical care,nursing assessment,nursing process,patient monitoring,emergency care,cardiovascular disorders,respiratory disorders,neurologic disorders,renal disorders,gastrointestinal disorders,endocrine disorders,hematologic disorders,multisystem disorders,intensive care unit,nursing interventions",advanced,RT 120 V3 1992,1992/2nd ed./<N/D>,,available,on the shelf,NWU ERC OPAC
272,Critical Care Nursing: A Holistic Approach,"Morton, Patricia Goncoe, Fontaine, Dorrie K., ed.",Nursing,Critical Care Nursing,"Critical Care Nursing: A Holistic Approach provides comprehensive coverage of nursing care for critically ill patients and their families. The 9th edition integrates holistic nursing principles with evidence-based critical care practice and covers patient and family experiences, professional and ethical issues, special populations, cardiovascular, respiratory, renal, neurologic, gastrointestinal, endocrine, hematologic, immune, and integumentary conditions, as well as trauma, shock, poisoning, and advanced cardiac life support.","critical care nursing,intensive care nursing,holistic nursing,critically ill patients,critical care,nursing assessment,patient monitoring,cardiovascular care,respiratory care,renal care,neurologic care,gastrointestinal care,endocrine care,hematologic disorders,immune disorders,integumentary care,trauma,shock,poisoning,acls,family-centered care,evidence-based practice",advanced,RT 120 I5 C7 2009,2009/9th ed./,,available,on the shelf,NWU ERC OPAC
273,Introduction to Critical Care Nursing,"Sole, Mary Lou; Klein, Deborah G.; Moseley, Marthe J., ed.",Nursing,Critical Care Nursing,"Introduction to Critical Care Nursing provides a practical foundation in the concepts, assessment techniques, and clinical skills required in critical care nursing. The 5th edition covers fundamental critical care concepts, ethical and legal issues, comfort and sedation, nutritional support, dysrhythmia management, hemodynamic monitoring, ventilatory assistance, and code management. It also addresses nursing care for critically ill patients with cardiovascular, neurologic, respiratory, renal, hematologic, immune, gastrointestinal, endocrine, trauma, surgical, and burn conditions. The book uses nursing-process-based care plans and clinical examples to connect critical care concepts with practice.","critical care nursing,intensive care nursing,critical care,nursing care,critically ill patients,nursing assessment,nursing process,dysrhythmia,hemodynamic monitoring,ventilatory assistance,nutritional support,shock,sepsis,cardiovascular disorders,neurologic disorders,respiratory failure,renal failure,hematologic disorders,immune disorders,gastrointestinal disorders,endocrine disorders,trauma,burns,code management",advanced,RT 120 I5 I58 2009,2009/5th ed./,,available,on the shelf,NWU ERC OPAC
274,Foundations of Maternal-Newborn and Women's Health Nursing,"Murray, Sharon Smith",Nursing,Maternal-Newborn and Women's Health Nursing,"Foundations of Maternal-Newborn and Women's Health Nursing provides a comprehensive foundation for nursing care of childbearing families, newborns, and women. The 7th edition integrates evidence-based maternity and women's health information with nursing assessment, interventions, patient education, clinical decision-making, family-centered care, and safety. It covers pregnancy, prenatal care, labor and birth, postpartum care, normal and high-risk newborns, infant feeding, family planning, infertility, and women's health.","maternal nursing,maternity nursing,newborn nursing,women's health,maternal-newborn nursing,pregnancy,prenatal care,childbirth,labor and delivery,postpartum care,newborn assessment,high-risk newborn,infant feeding,family planning,infertility,reproductive health,women's health care,family-centered care,patient education,nursing assessment",advanced,RG 51 M9 2019,2019/7TH ED./,,available,on the shelf,NWU ERC OPAC
275,RN Maternal Newborn Nursing,"Sommer, Sheryl",Nursing,Maternal-Newborn Nursing,"A review module designed to help nursing students develop knowledge and clinical reasoning in maternal and newborn nursing. The module covers antepartum, intrapartum, postpartum, and newborn care, including pregnancy, prenatal care, labor and delivery, postpartum care, newborn assessment, and complications. It also includes NCLEX-style application exercises, answer rationales, and Active Learning Templates to support review and examination preparation.","maternal nursing,newborn nursing,maternity nursing,maternal-newborn care,pregnancy,prenatal care,antepartum care,labor and delivery,intrapartum nursing,postpartum nursing,newborn assessment,newborn care,pregnancy complications,labor complications,postpartum complications,newborn complications,nclex-rn,nursing review,nursing examinations",advanced,RG 951 R4 2013,2013/9.0/,,available,on the shelf,NWU ERC OPAC
276,Concepts of psychiatric nursing,"Goodner, Brenda",Nursing,Psychiatric and Mental Health Nursing,"Concepts of Psychiatric Nursing is a comprehensive nursing review and study guide designed to assist nursing students and practitioners in understanding the core principles, theories, and interventions in psychiatric and mental health nursing. It covers mental health assessment, therapeutic communication, nurse-client relationships, psychiatric disorders, psychopharmacology, crisis intervention, and legal/ethical issues in psychiatric care.","psychiatric nursing,mental health nursing,psychiatric care,therapeutic communication,nurse-client relationship,mental disorders,psychopharmacology,crisis intervention,mental health assessment,psychiatric review",intermediate,RC 440 G6 1994,1994,"Introduction to Psychiatric Nursing, Therapeutic Communication and Nurse-Client Relationship, Assessment in Psychiatric Nursing, Anxiety and Anxiety Disorders, Mood Disorders, Schizophrenia and Psychotic Disorders, Personality Disorders, Substance-Related Disorders, Crisis Intervention and Stress Management, Psychopharmacology and Somatic Therapies, Legal and Ethical Issues in Psychiatric Nursing",available,on the shelf,NWU ERC OPAC
277,Mereness' essential's of psychiatric nursing,"Taylor, Cecilia Morat",Nursing,Psychiatric and Mental Health Nursing,"Mereness' Essentials of Psychiatric Nursing provides a foundation in psychiatric-mental health nursing principles, focusing on therapeutic communication, the nurse-client relationship, anxiety, stress coping mechanisms, and clinical interventions for various psychiatric disorders.","psychiatric nursing,mental health nursing,therapeutic relationship,anxiety levels,psychopathology,nurse-client relationship,mental health assessment,psychiatric care",intermediate,RC 440 T3 1990,1990,"Foundations of Psychiatric Nursing, The Nurse-Client Relationship, Assessment and Communication, Stress and Anxiety, Psychotic Disorders, Mood Disorders, Personality Disorders, Therapeutic Interventions and Care Management",available,on the shelf,NWU ERC OPAC
278,Psychiatric nursing,"Holly Skodol Kneisi, Carol Ren",Nursing,Psychiatric and Mental Health Nursing,"Psychiatric Nursing provides a comprehensive, evidence-based exploration of psychiatric and mental health nursing practice. It covers the continuum of care, psychiatric disorders across the lifespan, therapeutic communication, nurse-client relationship models, psychopharmacology, crisis intervention, and legal and ethical considerations in psychiatric care.","psychiatric nursing,mental health nursing,psychiatric care,therapeutic communication,psychopathology,psychopharmacology,nurse-client relationship,mental health assessment,crisis intervention,psychiatric interventions",advanced,RC 440 W5 1996,1996/5TH ED./,"Theoretical Foundations of Psychiatric Nursing, The Nurse-Client Relationship, Assessment in Psychiatric-Mental Health Nursing, Schizophrenia and Psychotic Disorders, Mood Disorders, Anxiety and Anxiety-Related Disorders, Personality Disorders, Substance-Related Disorders, Child and Adolescent Psychiatric Nursing, Psychopharmacology and Biological Interventions, Crisis Intervention and Stress Management, Legal and Ethical Issues",available,on the shelf,NWU ERC OPAC
279,Skills performance checklist for clinical nursing skill and techniques,"Perry,Griffin",Nursing,Clinical Nursing Skills,"Skills Performance Checklist for Clinical Nursing Skills & Techniques is a practical, step-by-step assessment reference designed to accompany basic and advanced clinical nursing textbooks. It provides clear, actionable checklists to help nursing students and clinical educators evaluate proficiency, procedural safety, and technical mastery across fundamental and specialized nursing interventions.","clinical nursing skills,nursing procedures,skill checklist,clinical evaluation,nursing techniques,procedural safety,fundamental nursing,patient care skills,nursing performance",intermediate,RT 41 P47 2014,2014/8TH ED./,"Basic Infection Control and Safety, Vital Signs Assessment, Health Assessment and Physical Examination, Basic Hygiene and Skin Care, Medication Administration, Intravenous Therapy, Wound Care and Dressings, Airway Management and Suctioning, Urinary and Bowel Elimination Skills, Perioperative Care Procedures",available,on the shelf,NWU ERC OPAC
280,Professional nursing concepts: competencies for quality leadership,"Finkelman, Anita & Kenner, Carole",Nursing,Nursing Leadership and Management,"Professional Nursing Concepts: Competencies for Quality Leadership addresses core concepts and competencies required for modern professional nursing practice. It covers healthcare delivery systems, quality improvement, evidence-based practice, patient-centered care, leadership, interprofessional teamwork, health policy, informatics, and ethical-legal dimensions of nursing care.","professional nursing,nursing leadership,quality care,core competencies,evidence-based practice,patient-centered care,healthcare quality,health policy,nursing informatics,interprofessional education,professional practice",advanced,RT 89 F56 2019,2019/4TH ED./,"The Development of Professional Nursing, Healthcare Delivery System and Quality Care, Core Competencies for Professional Nursing Practice, Patient-Centered Care, Interprofessional Teams and Collaboration, Evidence-Based Practice, Quality Improvement in Healthcare, Informatics and Technology in Nursing, Leadership and Management Concepts, Health Policy and Legal/Ethical Issues",available,on the shelf,NWU ERC OPAC
281,Theoretical foundation in nursing,"Quiambao-Udan, Josie",Nursing,Fundamentals of Nursing / Nursing Theory,"Theoretical Foundations of Nursing introduces nursing students to key nursing theories, conceptual frameworks, and non-nursing theories that shape modern nursing practice, education, and research. It presents major theoretical contributions from grand, middle-range, and practice theorists, focusing on client care, health promotion, the nursing process, and the development of professional nursing identity.","nursing theories,theoretical foundations,nursing paradigm,nursing conceptual models,grand theories,middle-range theories,nursing process,health promotion,nursing practice,philippine nursing",intermediate,RT 84.5 U3 2020,2020/2ND ED./,"Introduction to Nursing Theory and Knowledge, Historical Views and Evolution of Nursing Theories, Nursing Metaparadigm Concepts, Environmental Theory, Interpersonal Relations and Caring Theories, Self-Care and Systems Frameworks, Adaptation and Unitary Human Beings Models, Non-Nursing Theories Applied to Nursing, Application of Theory to Nursing Practice and Research",available,on the shelf,NWU ERC OPAC
282,Pharmacology: a patient-centered nursing process approach,"Kee,Joyce LeFever",Nursing,Pharmacology,"Pharmacology: A Patient-Centered Nursing Process Approach provides a student-friendly, practical guide to pharmacology using the nursing process framework. It covers drug administration, pharmacokinetics, pharmacodynamics, dosage calculations, major drug classifications, side effects, adverse reactions, and patient teaching to ensure safe and effective drug therapy across the lifespan.","pharmacology,nursing pharmacology,drug therapy,patient-centered care,nursing process,drug administration,pharmacokinetics,pharmacodynamics,drug classifications,medication safety,patient education",intermediate,RM 301.2 K4 2018,2018/9TH ED./,"A Patient-Centered Nursing Process Framework, Safe Medication Administration and Math Calculations, Contemporary Issues in Pharmacology, Nutrition and Complementary Therapies, Central and Peripheral Nervous System Drugs, Autonomic Nervous System Drugs, Cardiovascular and Renal Drugs, Respiratory Drugs, Gastrointestinal Drugs, Endocrine Drugs, Antiinfective and Antiinflammatory Drugs, Dermatologic and Ophthalmic Agents",available,on the shelf,NWU ERC OPAC
283,Lab manual for health assessment in nursing,"Weber,Janet R.",Nursing,Health and Physical Assessment,"Lab Manual for Health Assessment in Nursing is a practical clinical reference designed to accompany basic health assessment textbooks. It provides step-by-step guidance, performance checklists, developmental and cultural considerations, case studies, and critical-thinking exercises to help nursing students perform comprehensive health histories and physical examinations.","health assessment,physical assessment,lab manual,nursing skills,health history,physical examination,clinical assessment,diagnostic skills,patient evaluation",intermediate,RT 48 W4 2018,2018/6TH ED./,"Nursing Health History and Assessment Techniques, General Survey and Vital Signs, Skin, Hair, and Nails Assessment, Head and Neck Physical Examination, Thorax and Lungs Assessment, Cardiovascular and Peripheral Vascular System, Abdomen and Gastrointestinal Assessment, Musculoskeletal System Assessment, Neurologic System Assessment, Female and Male Genitalia and Rectum Assessment",available,on the shelf,NWU ERC OPAC
284,Health assessment: a nursing approach,"Fuller, Jill Schaller-Ayers, Jennifer",Nursing,Health and Physical Assessment,"Health Assessment: A Nursing Approach presents a systematic, functional health framework for conducting holistic nursing assessments. It covers health history gathering, physical examination techniques, developmental assessment across the lifespan, and clinical reasoning to identify health patterns and guide nursing diagnoses.","health assessment,physical assessment,nursing assessment,health history,physical examination,functional health patterns,clinical diagnosis,nursing process,health status",intermediate,RT 48 F85 2000,2000/3RD ED./,"Overview of Health Assessment and Clinical Competencies, The Health Assessment Interview and Health History, Physical Examination Techniques, Assessing Health Perception and Health Management, Assessing Nutrition and Metabolism, Assessing Elimination, Assessing Activity and Exercise, Assessing Cognition and Perception, Assessing Stress and Coping, Health Assessment Across the Life Span",available,on the shelf,NWU ERC OPAC
285,Health assessment & physical examination,"Estes, Mary Ellen Zator",Nursing,Health and Physical Assessment,"Health Assessment & Physical Examination is a comprehensive nursing guide that prepares students to assess patients across physical, psychological, social, cultural, and spiritual dimensions. It details health history gathering, physical examination techniques (inspection, palpation, percussion, and auscultation), and clinical reasoning to support accurate nursing diagnoses and evidence-based patient care.","health assessment,physical examination,nursing assessment,health history,clinical examination,inspection,palpation,percussion,auscultation,nursing diagnosis,holistic assessment",intermediate,RT 48 E88 2006,2006/3RD ED./,"Critical Thinking and the Nursing Process, Health Assessment Interview and History Taking, Developmental and Cultural Assessment, Assessment Techniques and Environmental Preparation, Skin, Hair, and Nails, Head, Neck, and Special Senses, Respiratory System, Cardiovascular and Peripheral Vascular Systems, Abdomen and Gastrointestinal System, Musculoskeletal and Neurologic Systems",available,on the shelf,NWU ERC OPAC
286,Pearson nursing diagnosis handbook with NIC intervenyions and NOC outcomes,"Wilkinson, Judith M.; Kansas, Shawnee",Nursing,Nursing Diagnosis and Care Planning,"Pearson Nursing Diagnosis Handbook with NIC Interventions and NOC Outcomes is an essential clinical reference designed to assist nursing students and practitioners in formulating accurate NANDA-I nursing diagnoses. It links diagnoses to evidence-based Nursing Interventions Classification (NIC) and Nursing Outcomes Classification (NOC), featuring clinical rationales, assessment criteria, and customized care plans for safe, patient-centered care.","nursing diagnosis,nanda-i,nic interventions,noc outcomes,nursing care plans,clinical decision making,nursing process,patient care planning,evidence-based nursing",intermediate,RT 48.6 W55 2014,2014/10TH ED./,"The Nursing Process and Diagnostic Reasoning, Guide to Nursing Diagnoses, NANDA-I Diagnoses with NIC Interventions and NOC Outcomes, Nursing Care Plans by Medical Conditions, Pediatric and Gerontological Considerations, Index of Diagnoses and Taxonomy",available,on the shelf,NWU ERC OPAC
287,"Care of clients with problems in oxygenation, fluid and electrolyte balance, infectious, inflammatory and immunologic response, and cellular aberration (acute and chronic)","Johnson, Emma H.",Nursing,Adult Medical-Surgical Nursing,"Care of Clients with Problems in Oxygenation, Fluid and Electrolyte Balance, Infectious, Inflammatory and Immunologic Response, and Cellular Aberration addresses core medical-surgical nursing concepts. It focuses on nursing assessment, pathophysiology, clinical manifestations, and nursing management for patients experiencing acute and chronic disturbances in respiratory, fluid and electrolyte, immune, and cellular systems.","medical-surgical nursing,oxygenation,fluid and electrolyte balance,infectious diseases,inflammatory response,immunologic response,cellular aberration,acute care,chronic care,nursing interventions",advanced,RT 41 J64 2015,2015,"Nursing Care of Clients with Oxygenation Problems, Fluid and Electrolyte Imbalances and Acid-Base Disturbances, Nursing Management of Infectious Diseases, Inflammatory and Immunologic Responses, Cellular Aberrations and Oncology Nursing, Comprehensive Nursing Care Plans and Interventions",available,on the shelf,NWU ERC OPAC
288,Nursing care plans: guidelines for individualizing patient care,"Doenges, Marilynn E.; Moorhouse, mary Frances; Geissler-Murr, Alice C.",Nursing,Nursing Diagnosis and Care Planning,"Nursing Care Plans: Guidelines for Individualizing Patient Care provides a comprehensive framework for creating customized, client-centered nursing care plans across various clinical settings. It features detailed nursing diagnoses, desired outcomes, prioritized nursing interventions, and logical clinical rationales based on NANDA-I classifications to support evidence-based patient management.","nursing care plans,nursing diagnosis,nanda-i,nursing interventions,patient care,clinical decision making,individualizing care,care planning,evidence-based nursing",intermediate,RT 49 D63 2010,2010/8TH ED./,"Issues and Trends in Nursing Care Planning, The Nursing Process and Diagnostic Reasoning, Cardiovascular Care Plans, Respiratory Care Plans, Gastrointestinal Care Plans, Neurological Care Plans, Endocrine and Metabolic Care Plans, Renal and Urinary Care Plans, Musculoskeletal Care Plans, Maternal and Neonatal Care Plans",available,on the shelf,NWU ERC OPAC
289,Nursing ethics : theories and pragmatics,"Curtin, Leah; Flaherty, Josephine M.",Nursing,Nursing Ethics and Bioethics,"Nursing Ethics: Theories and Pragmatics provides a grounded exploration of ethical decision-making in clinical nursing practice. Combining theoretical ethical models with real-world pragmatic application, it examines moral responsibility, human rights, patient autonomy, informed consent, truth-telling, bioethical dilemmas, and professional nursing integrity across diverse healthcare environments.","nursing ethics,bioethics,ethical decision making,professional nursing,patient autonomy,moral responsibility,bioethical dilemmas,healthcare ethics,informed consent,moral philosophy",advanced,RT 85 C87 1982,1982,"Human Values and Professional Nursing, Ethical Theories and Moral Reasoning, The Human Person as the Subject of Ethics, Autonomy and Patient Advocacy, Informed Consent and Truth-Telling, Ethical Dilemmas in Beginning and End of Life Care, Justice and Allocation of Healthcare Resources, Pragmatic Decision-Making Models for Clinical Practice",available,on the shelf,NWU ERC OPAC
290,Bioethics in nursing,"Kuan, Letty G.",Nursing,Nursing Ethics and Bioethics,"Bioethics in Nursing introduces nursing students and healthcare professionals to moral philosophy, bioethical principles, and legal framework application within nursing practice. Written from a Philippine healthcare perspective, it addresses ethical decision-making models, patient rights, autonomy, justice, end-of-life considerations, and the moral responsibilities of nurses in clinical and community settings.","bioethics,nursing ethics,philippine nursing,ethical principles,patient rights,moral reasoning,bioethical dilemmas,nursing practice,healthcare ethics,legal and ethical issues",intermediate,RT 85 K8 2008,2008,"Introduction to Bioethics and Health Care Ethics, Bioethical Principles and Virtues in Nursing, The Patient-Nurse Relationship and Patient Rights, Ethical Decision-Making Models, Bioethical Dilemmas in Beginning and End of Life, Professional Codes of Ethics and Moral Responsibility, Legal Dimensions of Bioethical Issues in Nursing",available,on the shelf,NWU ERC OPAC
291,Ethics & issues in contemporary nursing,"Burkhardt, Margaret A.; Nathaniel, Alvita K.",Nursing,Nursing Ethics and Bioethics,"Ethics & Issues in Contemporary Nursing addresses the complex moral, legal, and social issues facing nurses in modern healthcare environments. It provides theoretical frameworks for ethical decision-making, exploring patient autonomy, social justice, professional accountability, delegation, workplace issues, and emerging bioethical challenges in technology and global health.","nursing ethics,contemporary issues,bioethics,ethical decision making,professional nursing,patient advocacy,healthcare law,social justice,nursing leadership,ethical dilemmas",advanced,RT 85 B87 2014,2014/4TH ED./,"Social, Cultural, and Ethical Concepts in Nursing, Ethical Theories and Moral Principles, Ethical Decision-Making Models, Legal Aspects of Nursing Practice, Patient Rights and Advocacy, Bioethical Issues Across the Life Span, Nursing Practice and Healthcare Organization Issues, Global Health and Environmental Ethics",available,on the shelf,NWU ERC OPAC
292,"Nursing informatics: textbook, workbook and study guide","Cu, Neugene Rowan S. & Quiambao-Udan, Josie",Nursing,Nursing Informatics,"Nursing Informatics: Textbook, Workbook and Study Guide provides a foundational overview of information technology, computer systems, and data management in nursing practice. Designed for nursing students and healthcare practitioners, it covers health information systems, electronic health records (EHR), clinical decision support, consumer health informatics, and the legal, ethical, and security aspects of managing digital health information.","nursing informatics,health information systems,electronic health records,clinical decision support,healthcare technology,nursing computers,health data management,telehealth,nursing practice",intermediate,RT 50.5 C8 2011,2011,"Introduction to Nursing Informatics and Healthcare Technology, Computer Systems and Hardware/Software Fundamentals, Health Information Systems and Electronic Health Records, Data Standards and Naming Systems in Nursing, Clinical Decision Support Systems, Telehealth and Mobile Health in Nursing, Information Security and Patient Privacy, Application of Nursing Informatics in Research and Education",available,on the shelf,NWU ERC OPAC
293,Nursing informatics : an illustrative approach ; text-workbook,"Calano, Roel B.; del Rio, Fernando",Nursing,Nursing Informatics,"Nursing Informatics: An Illustrative Approach; Text-Workbook provides a practical, visual guide to information technology concepts applied to nursing practice, education, administration, and research. Designed with illustrative diagrams and workbook exercises, it covers computer hardware and software basics, electronic health records (EHR), hospital information systems, tele-health, data privacy laws, and the role of informatics in enhancing patient safety.","nursing informatics,health information systems,electronic health records,hospital information systems,computer applications in nursing,telehealth,data privacy,nursing technology,text-workbook",intermediate,RT 50.5 C35 2017,2017,"Fundamentals of Nursing Informatics and Computer Concepts, Computer Hardware and Software in Healthcare, Health Information Systems and Electronic Health Records, Nursing Practice Applications and Telehealth, Informatics in Nursing Administration and Education, Data Security, Privacy, and Ethical Issues in Health IT, Future Trends in Nursing Informatics",available,on the shelf,NWU ERC OPAC
294,Nursing informatics,"Gabriel, Orestes",Nursing,Nursing Informatics,"Nursing Informatics introduces the integration of nursing science, computer science, and information science to support patient care and clinical decision-making. Designed for Philippine nursing curricula, it covers health information systems, electronic health records (EHR), clinical data management, hospital information networks, telehealth, privacy laws, and the ethical-legal application of technology in nursing practice.","nursing informatics,health information systems,electronic health records,clinical decision support,nursing data management,telehealth,hospital information systems,healthcare technology,philippine nursing",intermediate,RT 50.5 G33 2010,2010,"Introduction to Nursing Informatics and Healthcare Technology, Computer Systems Hardware and Software Essentials, Information and Data Management in Healthcare, Health Information Systems and Electronic Health Records, Informatics in Clinical Practice and Patient Care, Telehealth and Telenursing Applications, Administrative and Educational Applications of Informatics, Legal, Ethical, and Security Issues in Health IT",available,on the shelf,NWU ERC OPAC
295,Handbook of informatics for nurses and healthcare professionals,"Hebda, Toni; Czar, Patricia",Nursing,Nursing Informatics,"Handbook of Informatics for Nurses and Healthcare Professionals provides a user-friendly, comprehensive overview of nursing informatics concepts and their clinical applications. It covers computer systems, electronic health records (EHR), clinical decision support, information management, data security, consumer health informatics, and the ethical-legal implications of technology in healthcare.","nursing informatics,health information systems,electronic health records,healthcare technology,clinical decision support,health data management,telehealth,information literacy,data security",intermediate,RT 50.5 H33 2013,2013/5TH ED./,"Overview of Informatics in Healthcare, Computer Hardware and Software Essentials, Information Management and Health Systems, Electronic Health Records and System Development, Clinical Decision Support Systems, Telehealth and Mobile Technology, Information Security and Patient Privacy, Informatics Applications in Education, Research, and Administration",available,on the shelf,NWU ERC OPAC
296,Leadership roles and management functions in nursing : theory and application,"Marquis, Bessie L.; Huston, Carol J.",Nursing,Nursing Leadership and Management,"Leadership Roles and Management Functions in Nursing: Theory and Application combines leadership theories with practical management functions to prepare nurses for decision-making roles in contemporary healthcare. Emphasizing critical thinking and case-based learning, it covers strategic planning, organizational structure, human resource management, fiscal responsibility, change management, ethical-legal accountability, and quality improvement.","nursing leadership,nursing management,delegation,decision making,organizational structure,fiscal management,change management,quality improvement,conflict management,healthcare management",advanced,RT 89 M37 2017,2017/9TH ED./,"Decision Making, Problem Solving, and Critical Thinking, Leadership Theory and Career Development, Organizational Structure and Climate, Human Resource Management and Staffing, Fiscal Planning and Resource Allocation, Managing Change and Conflict, Ethical and Legal Aspects of Nursing Leadership, Quality Improvement and Patient Safety",available,on the shelf,NWU ERC OPAC
297,Nurse management demystified,"McEachen, I.; & Keogh, J.",Nursing,Nursing Leadership and Management,"Nurse Management Demystified provides a practical, straightforward introduction to essential nurse management and leadership principles. Designed to help nurses transition into management roles, it covers organizational structure, financial budgeting, staffing and scheduling, conflict resolution, delegation, performance appraisal, quality assurance, and legal-ethical responsibilities.","nurse management,nursing leadership,budgeting,staffing and scheduling,delegation,conflict management,quality assurance,performance evaluation,nurse manager,health organization",intermediate,RT 89 M34 2007,2007,"Introduction to Nurse Management, Understanding Healthcare Organizations, Leadership and Communication Skills, Financial Management and Budgeting, Staffing, Scheduling, and Recruitment, Delegation and Performance Appraisal, Conflict Resolution and Team Building, Quality Improvement and Safety, Legal and Ethical Issues in Nurse Management",available,on the shelf,NWU ERC OPAC
298,Communications in nursing: communicating assertively and responsibility in nursing: a guidebook,"Balzer-Riley, Julia W.",Nursing,Nursing Communication and Interpersonal Relations,"Communication in Nursing: Communicating Assertively and Responsibly in Nursing explores interpersonal communication techniques essential for professional nursing practice. It provides practical strategies for building therapeutic nurse-patient relationships, communicating assertively with healthcare teams, handling difficult behavior, managing workplace conflict, and applying empathy, warmth, and self-care in clinical settings.","nursing communication,assertive communication,therapeutic communication,nurse-patient relationship,interpersonal skills,conflict resolution,professional boundaries,empathy,workplace communication",intermediate,RT 23 B35 2012,2012/7TH ED./,"Responsible, Assertive, Caring Communication in Nursing, The Client-Nurse Relationship: A Helping Relationship, Understanding Yourself to Build a Foundation for Learning, Demonstrating Warmth, Showing Respect, Being Genuine, Being Empathetic, Asking Questions and Expressing Opinions, Requesting Support and Working with Feedback, Communicating Assertively with Difficult Clients and Colleagues, Managing Team Conflict Assertively and Responsibly",available,on the shelf,NWU ERC OPAC
299,Psychiatric-mental health nursing,"Videbeck,Sheila L.",Nursing,Psychiatric and Mental Health Nursing,"Psychiatric-Mental Health Nursing delivers a clear, student-friendly guide to psychiatric nursing practice across the continuum of care. It covers neurobiologic theories, psychopharmacology, psychosocial treatment modalities, therapeutic communication, client assessment, and evidence-based nursing interventions for specific psychiatric and mental health disorders.","psychiatric nursing,mental health nursing,psychopharmacology,therapeutic communication,nurse-client relationship,mental disorders,dsm-5,psychopathology,nursing process,therapeutic modalities",intermediate,RC 440 V53 2020,2020/8TH ED./,"Foundations of Psychiatric-Mental Health Nursing, Neurobiologic Theories and Psychopharmacology, Psychosocial Theories and Therapy, Treatment Settings and Therapeutic Programs, Therapeutic Relationships and Communication, Client Response to Illness and Assessment, Legal and Ethical Issues, Nursing Care for Psychiatric Disorders (Trauma, Anxiety, Schizophrenia, Mood Disorders, Personality Disorders, Addiction)",available,on the shelf,NWU ERC OPAC
300,Cancer nursing: principles and practice,"Dy, Adriano C. Ed.",Nursing,Oncology Nursing,"Cancer Nursing: Principles and Practice offers a comprehensive guide to oncology nursing care, pathophysiology, diagnostic modalities, and evidence-based management. Prepared for clinical practitioners and nursing students, it details cancer epidemiology, prevention, early detection, surgical/chemotherapeutic/radiologic interventions, symptom management, palliative care, and psychological support for oncology patients.","cancer nursing,oncology nursing,chemotherapy,radiation therapy,surgical oncology,neoplasm management,palliative care,pain management,cancer epidemiology,philippine nursing",advanced,RC 266 D9 2008,2008,"Epidemiology and Pathophysiology of Cancer, Principles of Cancer Prevention and Screening, Cancer Diagnostics and Staging, Surgical Oncology, Radiation Therapy Concepts and Nursing Care, Chemotherapy and Biotherapy Administration, Symptom Management in Cancer Care (Pain, Fatigue, Nausea), Palliative and End-of-Life Care, Psychosocial Support for Patients and Families",available,on the shelf,NWU ERC OPAC
301,"A Political Science manifesto for the age of populism : challenging growth, markets, inequality, and resentment","Ricci, David M.",Political Science,Political Theory / Contemporary Politics,"Examines the challenges posed to democratic society by modern populism, arguing that political science must focus on addressing urgent public problems and preserving democratic principles.","political science,populism,democracy,public policy,political theory,david ricci",intermediate,JA71 .R483,2020,"Introduction: The Great Turn, Modern Populism and Democracy, The Mandate of Political Science, Knowledge in the Public Sphere, Rethinking Political Education, Reclaiming the Democratic Purpose, Conclusion: A Call to Action",available,portal,NWU ERC OPAC
302,An R Companion for the Third Edition of The Fundamentals of Political Science Research,"Kellstedt, Paul M. / Whitten, Guy D.",Political Science,Political Methodology / Quantitative Methods,"Provides a step-by-step practical guide to conducting quantitative political research using the R programming language, aligned with the concepts and chapters of the main textbook.","r programming,political methodology,quantitative analysis,statistics for political science,empirical research,kellstedt,whitten",intermediate,JA71.7 .K45,2019,"Getting Started with R, Scientific Study of Politics, Research Design, Measurement and Descriptive Statistics, Probability and Statistical Inference, Bivariate Hypothesis Testing, Two-Variable Regression Models, Multiple Regression Models, Multiple Regression Options, Diagnostics and Alternative Estimators",available,portal,NWU ERC OPAC
303,Analyzing American democracy : politics and political science,"Bond, Jon R. ; Andrade, Lydia M. and Villalobos, José D.",Political Science,American Government / Political Theory,"Provides an analytical framework for understanding American politics, using political science research and theories to evaluate how effectively the American political system functions as a democracy.","american democracy,political science,american government,public opinion,political parties,elections,institutions,civil rights",intermediate,JK276 .B66,2022,"Rethinking American Politics, The Constitutional Framework, Federalism and the Separation of Powers, Civil Liberties, Civil Rights, Public Opinion, The Mass Media, Political Parties, Campaign and Elections, Interest Groups, Congress, The Presidency, The Bureaucracy, The Federal Judiciary, Public Policy",available,portal,NWU ERC OPAC
304,CBSE Term II Political Science Class XI,Shubhendra Tiwari,Political Science,Indian Government / High School Curriculum,"A comprehensive study guide tailored for Class XI students preparing for the CBSE Term II examinations, covering key concepts in political theory and the Indian Constitution.","cbse class 11,political science,exam preparation,indian constitution,political theory,term ii",intermediate,JA88.I4 T59,2021,"Constitution: Why and How?, Rights in the Indian Constitution, Election and Representation, Executive, Legislature, Judiciary, Federalism, Local Governments, Political Theory: An Introduction, Freedom, Equality, Social Justice, Rights, Citizenship, Nationalism, Secularism",available,portal,NWU ERC OPAC
305,Contemporary world politics : textbook in political science for class XII,National Council of Educational Research and Training,Political Science,International Relations / High School Curriculum,"World politics aani international relations badal CBSE Class XII chya vidyarthyan sathi tayar kelel ek pramanitNCERT pathyapustak, jyath Cold War, power centers, aani global issues badal mahiti dileli ahe.","ncert,class 12 political science,contemporary world politics,international relations,cold war,globalization,south asia,united nations",intermediate,D843 .N38,2007,"The Cold War Era, The End of Bipolarity, US Hegemony in World Politics, Alternative Centres of Power, Contemporary South Asia, International Organisations, Security in the Contemporary World, Environment and Natural Resources, Globalization",available,portal,NWU ERC OPAC
306,Democratic elitism : the founding myth of American political science,"Piano, Natasha",Political Science,Political Theory / History of Political Thought,"Critiques the theoretical foundations of modern American political science, tracing how early 20th-century political theorists re-evaluated elite power to redefine democracy around elite competition rather than popular rule.","democratic elitism,political theory,american political science,history of ideas,oligarchy,elitism,democratic theory,natasha piano",intermediate,JC423 .P53,2024,"Introduction: The Elite Myth, The Italian School of Elitism, Translating Elitism for American Democracy, The Behavioral Revolution and Elite Realism, The Democratic Defense of Oligarchy, Pluralism as Elitism in Disguise, Reclaiming Popular Democracy, Conclusion: Rethinking the Foundations",available,portal,NWU ERC OPAC
307,Democratic Politics- II Social Science : Textbook in Political Science for Class X,Shveta Uppal,Political Science,Democratic Politics / Civics,"A Class X political science textbook published by the National Council of Educational Research and Training (NCERT). The book introduces students to democratic politics, focusing on how democracy works in practice, including power-sharing, federalism, social divisions, political parties, democratic outcomes, and challenges to democracy.","political science,democratic politics,civics,democracy,power sharing,federalism,social divisions,gender,religion,caste,political parties,popular struggles,democratic outcomes,challenges to democracy,class x,social science,ncert",intermediate,JH324,2007,"Power Sharing, Federalism, Gender Religion and Caste, Political Parties, Outcomes of Democracy",available,portal,NWU ERC OPAC
308,Encyclopedia of critical political science,"Barrow, Clyde W., ed.",Political Science,Critical Political Science / Political Theory,"A comprehensive reference work covering the development of critical political science over approximately six decades. It examines critical approaches, theories, methods, concepts, journals, and influential scholars in political science. The encyclopedia includes perspectives associated with Marxism, post-Marxism, feminism, critical race theory, anarchism, ecological theory, postmodernism, and other critical traditions. It is designed as a reference resource for students, researchers, and academics in political science and related fields.","political science,critical political science,political theory,critical theory,marxism,political ideology,political economy,feminist political theory,critical race theory,social movements,political sociology,democracy,state theory,international politics,political research,political scholars,political journals,reference work,encyclopedia",advanced,JA 61 E4 2024,2024,"Introduction to Critical Political Science, Capitalist State and Political Economy, Class and Social Power, Modern Critical Theory, Imperialism and Global Governance, Democratic Theory and Radical Movements, Discourse Ideology and Hegemony, Feminist and Postcolonial Critiques, Future Directions in Critical Political Science",available,portal,NWU ERC OPAC
309,Field research in political science: practices and principles,"Kapiszewski, Diana ; Maclean, Lauren M. ; Read, Benjamin L.",Political Science,Political Science Research Methodology / Field Research,"A research-methods book that explains how field research can be designed and conducted in political science. It examines the practical, methodological, social, logistical, and ethical challenges of fieldwork and discusses major field research techniques, including interviews, oral histories, focus groups, ethnography, participant observation, surveys, and field experiments. The book also addresses how researchers analyze and write about findings while working in the field.","political science,field research,political science research,research methodology,fieldwork,qualitative research,quantitative research,interviews,oral histories,focus groups,ethnography,participant observation,surveys,field experiments,data collection,research design,research ethics,political research",advanced,HM 24 K3 2015,2015,"Introduction to Field Research in Political Science, Designing Field Research Projects, Preparing for Fieldwork, Qualitative Data Collection Methods, Quantitative Data Collection in the Field, Ethics and Research Oversight, Managing Relationships and Field Safety, Data Organization and Analysis, Writing Up Fieldwork Findings",available,portal,NWU ERC OPAC
310,International Encyclopedia of political science,"Badie, Bertrand ; Berg-Schlosser, Dirk ; Morlino, Leonardo., (editors)",Political Science,Political Science Reference / Political Theory and Methodology,"A comprehensive international reference encyclopedia covering major concepts, theories, methods, institutions, political processes, and areas of study within political science. The work takes a broad and comparative perspective, covering fields such as political theory, comparative politics, political sociology, political economy, public policy and administration, international relations, political parties, democracy, and research methodology. It was developed in partnership with the International Political Science Association.","political science,political theory,comparative politics,international relations,political sociology,political economy,public policy,public administration,political parties,democracy,democratization,political methodology,qualitative methods,quantitative methods,political institutions,political behavior,political culture,governance,reference encyclopedia",advanced,JA61 .I58,2011,"Political Theory and Philosophy, Comparative Politics and Regime Types, International Relations and Global Politics, Political Behavior and Public Opinion, Political Institutions and Governance, Public Policy and Administration, Political Economy and Development, Research Methods and Epistemology in Political Science, Regional Politics and Area Studies",available,portal,NWU ERC OPAC
311,Introduction to political science,"Rom, Mark Carl, Hidaka, Masaki, Walker, Rachel Bzostek",Political Science,General Political Science / Introduction to Political Science,"An introductory OpenStax textbook that provides a broad foundation in political science. It examines politics from the behavior of individuals and groups to political institutions, governments, and international relations. The book integrates major areas of political science while explaining how and why political realities develop at the individual, national, and international levels.","political science,politics,political behavior,political ideology,political participation,public opinion,political groups,civil rights,interest groups,political parties,legislatures,executive branch,courts,political institutions,political regimes,democracy,international relations,international organizations,international political economy,public policy,government",intermediate,JA66 .R66,2022,"What Is Politics and What Is Political Science?, Political Ideologies, Political Culture and Socialization, Public Opinion, Political Participation and Voting, Interest Groups and Political Parties, Media and Politics, Legislative Bodies, Executive Branches, Courts and the Judiciary, Public Administration and Policy, International Relations, Global Political Economy",available,portal,NWU ERC OPAC
312,Political Science for dummies,"Stadelmann, Marcus A.",Political Science,General and Comparative Political Science,"An introductory guide to political science that explains major political concepts, institutions, research approaches, international relations, and political ideologies in an accessible manner. It covers how political power operates, how governments are structured, how international relations function, and how classical and modern political ideologies developed. The book is intended as a supplement for introductory college-level political science courses.","political science,politics,political power,political institutions,government,political research,political culture,constitutions,comparative government,elections,political parties,interest groups,international relations,international law,diplomacy,international organizations,war,terrorism,political economy,political ideologies,fascism,socialism,communism,democracy",intermediate,JA66 .S73,2020,"Introduction to Political Science, Understanding Political Ideologies, How Governments Work, Comparative Politics in Action, International Relations and Global Politics, The Dynamics of Public Policy, Ten Important Political Thinkers",available,portal,NWU ERC OPAC
313,Political science is for everybody : an introduction to political science,"Atchison, Amy L.",Political Science,Introduction to Political Science / Intersectional Political Science,"An introductory political science textbook that presents fundamental concepts and areas of political science through an intersectional perspective. It covers political theory, political ideologies, civil society, social movements, political parties, electoral systems, comparative politics, government institutions, public policy, international relations, international political economy, security, international law, human rights, and international organizations. The book emphasizes how different social identities and lived experiences can shape interactions with political institutions.","political science,political theory,political ideologies,political behavior,civil society,social movements,political parties,electoral systems,political representation,comparative politics,executives,legislatures,courts,public policy,international relations,international political economy,security and conflict,international law,human rights,international organizations,intersectionality,political sociology,democracy",intermediate,JA66 .P65,2021,"Introduction to Political Science, Power Authority and the State, Political Theory and Ideology, Citizens Identity and Intersectionality, Political Participation and Movements, Elections and Voting Systems, Political Parties and Interest Groups, Comparative Political Systems, International Relations and Global Governance, Public Policy and Social Justice",available,portal,NWU ERC OPAC
314,Political Science Research Methods,"Johnson, Janet Buttolph",Political Science,Political Science Research Methodology / Research Methods,"A comprehensive textbook on the methods used to conduct empirical research in political science. It guides students through research design, developing research questions and hypotheses, measurement, sampling, qualitative and quantitative data collection, statistical analysis, and the preparation of research reports. The 8th edition also provides examples of how research methods are applied to political questions.","political science,research methods,research methodology,political research,empirical research,research design,research questions,literature review,hypotheses,variables,measurement,causal inference,sampling,qualitative research,quantitative research,survey research,interviews,data analysis,statistical inference,political statistics",advanced,JA 71 J6 2015,2015,"Introduction, Empirical Political Science Research, Research Questions Studies and Theories, Hypothesis Concepts and Variables, Measurement, Research Design and Causality, Sampling, Making Empirical Observations, Document Analysis, Survey Research and Interviewing, Direct and Indirect Observation, Multivariate Analysis, Quantitative Data Analysis",available,portal,NWU ERC OPAC
315,Power & choice : an introduction to political science,"Shively, W. Phillips ; Schultz, David A.",Political Science,Introduction to Political Science / Comparative Politics,"An introductory political science textbook that examines politics through the concepts of power and collective choice. It provides a comparative perspective on political systems, political institutions, public policy, political behavior, governance, and international politics. The 16th edition incorporates contemporary developments in democracy, inequality, race relations, women's economic development, LGBTQ issues, and the effects of the COVID-19 pandemic.","political science,politics,political power,political choice,comparative politics,political ideologies,political philosophy,modern state,public policy,economic policy,democracy,authoritarianism,political culture,political socialization,constitutions,elections,political parties,interest groups,social movements,parliamentary government,presidential government,bureaucracy,courts,international politics,international relations,political analysis",intermediate,JA 66 S4 2022,2022,"Politics: Setting the Stage, Modern Ideologies and Political Philosophy, The Modern State, Constitutional Engineering, Public Policy and Political Economy, Political Culture and Socialization, Public Opinion and Media, Political Participation, Interest Groups, Political Parties, Elections and Voting, Legislative Bodies, Executive Leadership, Bureaucracy, Courts and Legal Systems, International Politics",available,portal,NWU ERC OPAC
316,"Quantitative research methods for political science, public policy and public administration : with applications in R","Jenkins-Smith, Hank C., Ripberger, Joseph T., Copeland, Gary, Nowlin, Matthew C., Hughes, Tyler, Fister, Aaron L., Wehde, Wesley",Political Science,Quantitative Research Methods / Political Statistics,"An open-access quantitative research methods textbook designed for political science, public policy, and public administration. It explains how to use quantitative methods to test hypotheses and build theory, covering scientific inquiry, research design, data visualization, probability, statistical inference, association between variables, ordinary least squares regression, multiple regression, regression diagnostics, and generalized linear models. The book uses R and RStudio for data analysis, visualization, and data management.","political science,quantitative research,research methods,political statistics,public policy,public administration,statistical methods,research design,scientific method,data analysis,data visualization,probability,statistical inference,hypothesis testing,regression analysis,ordinary least squares,multiple regression,regression diagnostics,logit regression,r programming,rstudio,social science research",intermediate,JA71.7 .Q83,2020,"Theories of Social Science and Public Policy, Research Design and Causality, Measurement and Data, Descriptive Statistics, Introduction to R, Probability and Distributions, Hypothesis Testing and Confidence Intervals, Bivariate Analysis and T-Tests, Crosstabs and Chi-Square, Analysis of Variance ANOVA, Simple Linear Regression, Multiple Linear Regression, Regression Diagnostics, Logistic Regression",available,portal,NWU ERC OPAC
317,R for Political Science research : an introduction for absolute beginners,"Sumner, Jane L.",Political Science,Political Science Research Methods / R Programming and Statistical Analysis,"A beginner-friendly textbook that introduces R programming for political science research. It is designed for students with little or no programming background and teaches both base R and the tidyverse framework. The book covers installing R and RStudio, programming fundamentals, data import and cleaning, descriptive statistics, data visualization, statistical tests, and linear regression. It also emphasizes common errors, debugging, and developing confidence when learning R.","political science,research methods,quantitative research,r programming,rstudio,statistical analysis,data analysis,data management,data cleaning,data visualization,tidyverse,base r,ggplot2,chi-squared tests,t-tests,linear regression,political research,statistical methods,programming,debugging",intermediate,JA71.7 .S86,2023,"Getting Started with R and RStudio, Data Types and Objects, Loading and Cleaning Data, Descriptive Statistics, Data Visualization with ggplot2, Cross-Tabulations and T-Tests, Bivariate Linear Regression, Troubleshooting and Best Practices",available,portal,NWU ERC OPAC
318,Research design in Political Science,"Toshkov, Dimiter",Political Science,Political Science Research Methods / Research Design,"This book provides a comprehensive introduction to research design in political science. It covers the major stages of the research process, including developing research questions, using theory, conceptualization and operationalization, measurement, causal explanation, and selecting appropriate research designs. It discusses both quantitative and qualitative approaches and is intended to help students design research projects and evaluate political science research.","political science,research design,research methodology,research methods,research questions,theory,concepts,operationalization,measurement,causality,experimental research,comparative research,case studies,quantitative research,qualitative research",intermediate,JA 71 T6 2016,2016,"Introduction to Research Design, Knowledge and Logic in Political Science, Concepts and Measurement, Causal Inference and Mechanism, Observational Research Designs, Experimental Research Designs, Case Studies and Small-N Comparisons, Mixed Methods and Triangulation, Writing and Evaluating Research Proposals",available,portal,NWU ERC OPAC
319,Research interviews: a practical guide to qualitative data collection with experts in political science,"Kaiser, Robert",Political Science,Political Science Research Methodology / Qualitative Research,"This textbook provides a practical and systematic guide to conducting qualitative expert interviews in political science. It covers the planning, preparation, implementation, analysis, and interpretation of expert interviews, with particular attention to research design, interview guides, interview situations, securing interview data, and theory-guided analysis. It is primarily intended for students and beginning political science researchers.","political science,research interviews,expert interviews,qualitative research,research methodology,interviewing,expert knowledge,interview guide,data collection,qualitative data analysis,research design,political science research,interview methods,theory-guided analysis",advanced,JA74.5 .K35 2024,2024,"Introduction, The Conceptual Phase: The Nature of the Expert and Types of Knowledge, The Operational Phase: Interview Guide Interviewees and Interview Situation, The Analytical Phase: Securing Interview Data and Theory-Guided Analysis, The Interpretational Phase: Making Scientifically Relevant Sense of Expert Interviews, Annotated Literature Selection",available,portal,NWU ERC OPAC
320,Science meets politics : Machiavelli's influence and the birth of political science,"Almási, Gábor",Political Science,History of Political Science / Political Thought,"This scholarly work examines Niccolò Machiavelli's influence on the development of early modern political thought and the emergence of politics as a field of scientific inquiry. It focuses on Machiavelli's approaches to experience, history, reason, comparison, and method, and traces how these ideas were received and developed by later thinkers in Italy, France, and England.","machiavelli,political science,history of political science,renaissance political thought,political philosophy,political thought,history of science,machiavellianism,early modern political thought,political method,empiricism,comparative method,experience,political history,francis bacon,botero",advanced,JC143.M4 A46 2025,2025,"Introduction: Machiavelli and the Birth of Political Science, Machiavelli and Early Modern Science, Experience and Induction in Florentine Political Thought, The Reception of Machiavellian Empiricism in Italy and France, The Advancement of Politics and Science: Botero and Bacon, The Language of Politics as Science, Epistemology and the Foundations of Modern Political Theory, Conclusion: Machiavelli’s Intellectual Heritage",available,portal,NWU ERC OPAC
321,The challenge of politics : an introduction to political science,"Simon, Douglas W. and Romance, Joseph",Political Science,Introduction to Political Science / Political Theory and Comparative Politics,"This introductory political science textbook examines the study of politics through political theory, political institutions, comparative politics, international relations, and public policy. The seventh edition connects classical political thought with contemporary political issues and introduces students to the major concepts, debates, and approaches used in political science.","political science,political theory,political philosophy,political ideology,liberal democracy,comparative politics,american politics,international politics,global politics,public policy,human rights,war and peace,economic policy,environmental politics,political institutions",intermediate,JA66 .R498 2023,2022,"Games Politicians Play, Politics and Choice, Political Science: Components Tasks and Controversies, The Physical Social and Cultural Environment of Politics, The Quest for the Good Political Life, Liberal Democracy, Democratic Socialism and Communism, Key Dilemmas: Political Form Culture and Values, American Politics and Government, Comparative Politics, International Politics and the Global Community, War and Peace in the Modern Age, The Battle on Behalf of Human Rights, The Struggle for Economic Well-Being, The Imperative of Ecological Health",available,portal,NWU ERC OPAC
322,The fundamentals of political science research,"Kellstedt, Paul M. / Whitten, Guy D.",Political Science,Political Science Research Methods / Quantitative Research,"This textbook introduces the scientific study of politics and provides students with the fundamental tools for conducting and evaluating political science research. It covers theory building, causal relationships, research design, measurement, statistical inference, hypothesis testing, and regression analysis. The third edition also includes updated sections and “Your Turn” activities designed to help students apply research concepts.","political science,political science research,research methods,research design,theory building,causal relationships,measurement,data analysis,statistical inference,hypothesis testing,regression analysis,quantitative research,political statistics,research methodology",intermediate,JA86 .K4 2018,2018,"The Scientific Study of Politics, The Art of Theory Building, Evaluating Causal Relationships, Research Design, Measuring Concepts of Interest, Getting to Know Your Data, Probability and Statistical Inference, Bivariate Hypothesis Testing, Two-Variable Regression Models, Multiple Regression: The Basics, Multiple Regression Model Specification, Limited Dependent Variables and Time-Series Data",available,portal,NWU ERC OPAC
323,The Sage handbook of political science,"Dirk Berg-Schlosser, Bertrand Badie, Leonardo Morlino.",Political Science,Political Science Reference / Political Theory and Research,"The SAGE Handbook of Political Science provides a comprehensive overview of contemporary political science from a global and cross-disciplinary perspective. Edited by Dirk Berg-Schlosser, Bertrand Badie, and Leonardo Morlino, the three-volume handbook brings together contributions from scholars covering political theory, research methods, political sociology, comparative politics, public policy and administration, international relations, and major challenges facing politics in the 21st century.","political science,political theory,research methods,political sociology,comparative politics,public policy,public administration,international relations,political institutions,political behavior,political ideology,governance,political parties,democracy,international politics,globalization,human rights,political research",advanced,JA66,2020,"Political Theory, Methods, Political Sociology, Comparative Politics, Public Policies and Administration, International Relations, Major Challenges for Politics and Political Science in the 21st Century",available,portal,NWU ERC OPAC
324,The SAGE Handbook of Research Methods in Political Science and International Relations,"Curini, luigi",Political Science,Political Science Research Methods / Research Methodology,"This two-volume handbook provides a comprehensive overview of research methods used in political science and international relations. It covers the research process from developing research questions and designing research projects to theoretical argumentation, conceptualization and measurement, data collection, quantitative analysis, qualitative research, and mixed-method approaches. The handbook contains contributions from international scholars in political science and related fields.","political science,research methods,research methodology,international relations,research design,theory building,conceptualization,measurement,data collection,quantitative research,qualitative research,mixed methods,political statistics,causal inference,experimental methods,survey research,case studies,text analysis,network analysis,machine learning,sentiment analysis",advanced,JA 71 C8 2020,2020,"Political Theory, Methods, Political Sociology, Comparative Politics, Public Policies and Administration, International Relations, Major Challenges for Politics and Political Science in the 21st Century",available,portal,NWU ERC OPAC
325,Why politics matters : an introduction to political science,"Dooley, Kevin L. and Patten, Joseph N.",Political Science,Introduction to Political Science / Comparative Politics,"This introductory political science textbook explains fundamental concepts and approaches in political science through political theory, comparative government, political institutions, and international relations. The fourth edition uses contemporary examples and connects political concepts to current issues, helping students understand how politics and government affect society and everyday life.","political science,political theory,comparative politics,political institutions,american government,nationalism,populism,democracy,authoritarianism,international relations,war and peace,diplomacy,political ideologies,government,political participation,global politics",intermediate,JA66 .D66,2021,"Introduction: Why Politics Matters, Political Ideologies, The State and Nation, Constitutions and Systems of Government, Executive Branches, Legislative Branches, Judicial Systems and the Rule of Law, Political Culture and Public Opinion, Political Parties and Elections, Interest Groups and Media, International Relations and Global Politics, Comparative Political Systems, Public Policy and Current Challenges",available,portal,NWU ERC OPAC
326,Working with political science research methods : problems and exercises,Jason D. Mycoff.,Political Science,Political Science Research Methods / Research Methodology,"This workbook provides practical exercises for students studying political science research methods. It follows the major stages and techniques of political science research, allowing students to practice research design, qualitative and quantitative methods, data analysis, hypothesis testing, categorical data analysis, and regression. The fifth edition is designed to accompany the ninth edition of Political Science Research Methods.","political science,research methods,research methodology,research design,qualitative research,quantitative research,political statistics,data analysis,hypothesis testing,sampling,case studies,causal inference,categorical data,regression,research exercises,political science research",advanced,JA86 .M93,2019,"The Empirical Approach to Political Science, Research Questions Theories and Hypotheses, Defining and Measuring Concepts, Research Design and Causal Inference, Sampling and Data Collection, Direct Observation and Document Analysis, Survey Research and Interviewing, Basic Descriptive Statistics, Bivariate Analysis, Multivariate Analysis and Regression Exercises",available,portal,NWU ERC OPAC
327,Bridging the gaps in the society : political science in the Philippine setting,"Eguia, Carmina A. ; Valiente, Bernadette E. ; Rocina, Jose Aims R.",Political Science,Philippine Political Science / Philippine Politics and Government,"This textbook presents political science within the Philippine setting, introducing students to political concepts, institutions, government, and political processes as applied to Philippine society. It is designed to provide a locally relevant foundation for understanding politics and the relationship between political institutions and Philippine social conditions. Independent educational references identify it as a 2014 Revised Edition published by Jimczyville Publications in Malabon City.","political science,philippine political science,philippine politics,philippine government,philippine constitution,political institutions,political processes,governance,democracy,citizenship,political participation,philippine society,political culture,public administration,political issues",intermediate,JQ1401 .E38,2020,"Fundamentals of Political Science, Power State and Nation, Philippine Political History, The 1987 Philippine Constitution, The Executive Branch, The Legislative Branch, The Judiciary, Local Governance in the Philippines, Elections Parties and Civil Society, Contemporary Socio-Political Issues in the Philippines",available,on the shelf,NWU ERC OPAC
328,Doing research in political science : an introduction to comparative methods and statistics,"Pennings, Paul; Kewan, Hans; Kleinnijenhuis, Jan",Political Science,Political Science Research Methods / Comparative Methods and Statistics,"This book provides an introduction to comparative research methods and statistics in political science. It explains the relationship between theory, research design, comparative analysis, and empirical research, followed by descriptive, inferential, and multivariate statistical techniques. The final section demonstrates how these methods can be applied to political research questions and contemporary issues.","political science,research methods,comparative politics,comparative research,research design,political methodology,political statistics,statistical analysis,descriptive statistics,multivariate analysis,causal inference,data analysis,theory and method,empirical research,quantitative research",advanced,JA86 .P46,2006,"The Logic of Comparative Research, Theories Approaches and Design, Operationalization and Measurement, Data Collection and Management, Univariate and Bivariate Analysis, Regression Analysis, Multivariate Analysis, Applying Comparative Methods in Practice",available,on the shelf,NWU ERC OPAC
329,Essentials of political science 2,"Laurente, Reynold Reyes",Political Science,Philippine Politics and Governance / Introductory Textbook,"Essentials of Political Science 2 is an introductory political science textbook by Reynold Reyes Laurente, published by Rex Book Store in Manila in 2006. The work presents fundamental concepts in political science and discusses political and governmental institutions and processes. Available academic materials citing the book reference its discussion of the meaning and scope of political science, the state, government, and related political concepts.","political science,introduction to political science,state,government,political institutions,political processes,political theory,philippine political science,political concepts,governance",intermediate,JA 66 L3 2006,2006,"Concepts of Political Science, The State and Government, Forms of Government, The Philippine Constitution, Declaration of Principles and State Policies, The Bill of Rights, Structure and Branches of Government, Citizenship and Suffrage, Public Administration and Governance",available,on the shelf,NWU ERC OPAC
330,"International relations: a Philippine textbook in political science economics, business, sociology and law","Romero, Ephrain C.; Rosero, Edgar V.; Dannug, Roman R.",Political Science,International Relations,"International Relations: A Philippine Textbook in Political Science, Economics, Business, Sociology and Law is a Philippine textbook published in 1992 by Ephraim C. Romero, Edgar V. Rosero, and Roman R. Dannug. It approaches international relations from an interdisciplinary perspective, incorporating concepts relevant to political science, economics, business, sociology, and law. The work is intended for the study and teaching of international relations in the Philippine academic context.","international relations,international politics,political science,international economics,international business,sociology,international law,philippine political science,foreign relations,diplomacy,global affairs,international studies",advanced,JX 1291 R6 1992,1992,"Introduction to International Relations, The Philippine State in the Global System, Political Science and Global Politics, International Economics and Trade, Business and Transnational Corporations, Sociological Perspectives on Global Migration, International Law and Organizations, Philippine Foreign Policy, National Security and Regional Relations, Contemporary Global Challenges",available,on the shelf,NWU ERC OPAC
331,Introduction to political science,"Rodee, Carlton Clymer",Political Science,Introduction to Political Science / Comparative Government,"Introduction to Political Science is a comprehensive introductory textbook covering the major areas of political science. It examines political institutions, the state, forms of government, democratic systems, comparative government, political dynamics, public policy and administration, and international relations. The book was designed as a broad introduction to political science and includes bibliographies and an index.","political science,introduction to political science,comparative government,political theory,state,government,democracy,public law,political institutions,political dynamics,public opinion,public administration,foreign policy,international politics,international law,international organizations",intermediate,JA 66 I5 1977,1983,"Scope and Methods of Political Science, Basic Concepts: Power Authority and State, Political Ideologies, The Individual and the State: Rights and Duties, The Structure and Functions of Government, Comparative Government and Political Systems, Political Parties Electoral Systems and Public Opinion, International Relations and World Politics",available,on the shelf,NWU ERC OPAC
332,Introduction to political science,"Rodee, Carlton Clyner; Anderson, Tottu James; Christol, Carl Quimby",Political Science,Introduction to Political Science / Comparative Government,"Introduction to Political Science is a comprehensive introductory textbook by Carlton Clymer Rodee, Totton James Anderson, and Carl Quimby Christol. Published by McGraw-Hill in 1957, it was designed as a broad introduction to political science, covering the major areas of the discipline and providing foundational knowledge for beginning students. Library records identify political science and comparative government as its principal subjects.","political science,comparative government,introduction to political science,political theory,state,government,political institutions,democracy,political systems,public opinion,political parties,public administration,international relations,foreign policy,international law",intermediate,JA 66 R6 1957,1957,"Scope and Methods of Political Science, The Nature and Origin of the State, Political Ideologies, Forms of Government and Political Systems, Citizenship and Rights, The Organization of Executive Legislative and Judicial Power, Comparative Political Institutions, International Relations",available,on the shelf,NWU ERC OPAC
333,Introduction to political science,"Moten, Abdul Rashid; Islam, Syed Serajul",Political Science,Introduction to Political Science / Comparative Politics,"Introduction to Political Science by Abdul Rashid Moten and Syed Serajul Islam is an introductory political science textbook that combines Western and Islamic perspectives in examining major concepts and institutions in political science. It covers political theory, the state, forms of government, constitutions, political institutions, political ideologies, political parties, elections, civil society, international relations, and international organizations. The 3rd edition also addresses contemporary issues such as political violence, revolution, terrorism, globalization, environmental concerns, and weapons proliferation.","political science,introduction to political science,political theory,politics,power,authority,state,government,comparative politics,political systems,democracy,constitution,legislature,executive,bureaucracy,judiciary,political ideologies,nationalism,political parties,elections,public opinion,civil society,international relations,international organizations,islamic political thought",intermediate,JA66 .M68,2014,"Nature and Characteristics of Politics, Nature and Scope of Political Science, Fundamental Concepts Power Influence and Authority, Political Theory Development of the Discipline, Nature and Characteristics of State, Types of Political System, Unitary Federal and Confederal States, Democracy Parliamentary and Presidential Systems, Constitution and Constitutional Government, Organs",available,on the shelf,NWU ERC OPAC
334,Introduction to political science,"Zulueta, Francisco M.",Political Science,Introduction to Political Science,"Introduction to Political Science by Francisco M. Zulueta is a Philippine introductory textbook on political science. Published by National Book Store in Mandaluyong City in 2011, it introduces fundamental concepts and topics in political science for students studying the discipline. The UP Libraries record identifies political science as its subject and provides access to the book's table of contents.","political science,introduction to political science,political theory,state,government,political institutions,political systems,democracy,political parties,elections,political participation,philippine politics,governance,public administration,international relations",intermediate,JA66 .Z85,2002,"Concepts of Political Science and Politics, The Nature Scope and Method of Political Science, The State and Its Essential Elements, Forms and Functions of Government, Constitutions and Constitutionalism, Political Ideologies and Systems, The Nature and Scope of Law, Branches of Government Executive Legislative Judiciary, Political Parties Elections and Public Opinion, International Relations and Global Organizations",available,on the shelf,NWU ERC OPAC
335,Library of Congress classification. J. Political Science,Library of Congress. Cataloging Policy and Support Office,Political Science,Library Classification / Library of Congress Classification,"The official Library of Congress subject classification schedule for Class J (Political Science), outlining standardized call number outlines, hierarchies, and subclass divisions ranging from general political theory to official national documents and international relations.","library of congress classification,lcc,class j,political science classification,library classification,classification schedules,ja,jc,jf,jn,jq,js,jz,political science,international relations,cataloging,shelflisting",advanced,Z696.U5 J,2010,"Class J Subclass Outline, J General Legislative and Executive Papers, JA Political Science General, JC Political Theory, JF Political Institutions and Public Administration General, JK Political Institutions and Public Administration United States, JL Political Institutions and Public Administration Americas, JN Political Institutions and Public Administration Europe, JQ Political Institutions and Public Administration Asia Africa Australia Pacific, JS Local Government, JV Colonies and Colonization Emigration and Immigration, JZ International Relations",available,on the shelf,NWU ERC OPAC
336,People and politics : an introduction to political science,"Winter, Herbert R.; Bellows, Thomas J.",Political Science,ntroduction to Political Science / Political Sociology / Comparative Government,"People and Politics: An Introduction to Political Science is an introductory political science textbook by Herbert R. Winter and Thomas J. Bellows, developed in collaboration with Conrad Waligorski and Stanley Erickson. The second edition, published by Wiley in 1981, presents political science through a comparative and empirical approach, examining political phenomena across different societies. Its coverage connects traditional political science with modern approaches to understanding political behavior, institutions, and political systems.","political science,political sociology,comparative government,political systems,political behavior,political institutions,politics,government,comparative politics,political theory,political participation,political analysis,political development,society and politics",intermediate,JA66 .W56,1992,"Politics and Political Science, The State, Political Ideologies, Political Socialization and Culture, Public Opinion and Participation, Political Parties and Interest Groups, Electoral Systems and Voting Behavior, The Legislative Process, Executive Power and Leadership, Public Administration and Bureaucracy, The Judicial System and Law, Public Policy, International Relations, Global Challenges and Political Change",available,on the shelf,NWU ERC OPAC
337,Political science,"Zaide, Sonia M.",Political Science,General Political Science / Philippine Political Science,"Political Science by Sonia M. Zaide is a Philippine political science textbook intended to introduce students to the fundamental concepts, institutions, and processes of politics and government. The verified 1996 record identifies it as the second edition, published in Quezon City by All-Nations Publishing. Philippine library records classify it under political science and identify it as a textbook.","political science,philippine political science,political theory,state,government,political institutions,political systems,democracy,political participation,political parties,elections,public administration,governance,comparative government,international relations",intermediate,JA88.P6 Z34,2004,"The Study of Political Science, The Nature and Elements of the State, Forms of Government, The Concept of Sovereignty, Basic Principles of the Constitution, The Executive Department, The Legislative Department, The Judiciary, Local Government and Governance, Citizenship Suffrage and Elections, Fundamental Rights and Duties, Foreign Relations and International Law",available,on the shelf,NWU ERC OPAC
338,Political science : an introduction,"Roskin, Michael G., et al.",Political Science,Introduction to Political Science / Comparative Politics,"Political Science: An Introduction is an introductory political science textbook by Michael G. Roskin, Robert L. Cord, James A. Medeiros, and Walter S. Jones. The fifth edition provides a broad introduction to political science, examining political theory and ideologies, states and governments, constitutions, political regimes, political culture, public opinion, political communication, interest groups, political parties, elections, political institutions, political economy, political violence, and international relations. The text combines theoretical concepts with comparative examples to introduce students to major areas of political science.","political science,introduction to political science,political theory,political ideologies,state,government,constitutions,political regimes,democracy,political culture,public opinion,political communication,interest groups,political parties,elections,legislatures,executive,bureaucracy,judiciary,political economy,political violence,international relations,comparative politics",intermediate,JA66 .P65,2017,"Politics and Political Science, Political Ideologies, States, Constitutions and Rights, Regimes, Political Culture, Public Opinion, Political Communication, Interest Groups, Parties, Elections, Legislatures, Executives and Bureaucracies, Judiciaries, Political Economy, Violence and Revolution, International Relations",available,on the shelf,NWU ERC OPAC
339,Political science : an introductory text,"Sridharan, Kripa",Political Science,Introduction to Political Science,"Political Science: An Introductory Text provides an introduction to the academic study of politics and political science. It is designed for students and instructors and introduces four major subfields of political science: political theory, comparative politics, public administration, and international relations. The text also uses real-life political examples to help readers understand political institutions, concepts, and power relationships.","political science,political theory,comparative politics,public administration,international relations,politics,political institutions,government,political systems,political concepts,power,political analysis",intermediate,JA66 .S75,2007,"Fundamental Concepts and Nature of Politics, Political Theory and Ideologies, The State Sovereignty and Government, Comparative Politics and Political Systems, Structures and Branches of Government, Public Administration and Bureaucracy, Political Parties Elections and Public Opinion, International Relations and Global Politics, International Organizations and Foreign Policy",available,on the shelf,NWU ERC OPAC
340,Political science research methods,"Johnson, Janet Buttolph.; Reynolds, H.T.",Political Science,Political Science Research Methods,"Political Science Research Methods is a comprehensive textbook that introduces students to the principles and practices of conducting research in political science. It covers the empirical approach, research questions, literature reviews, hypotheses, concepts and variables, measurement, research design, sampling, observation, document analysis, surveys, interviews, and statistical analysis. The book also guides students in interpreting data and preparing research reports.","political science research,research methods,empirical research,research design,research questions,literature review,hypotheses,concepts,variables,measurement,causal inference,sampling,observation,document analysis,content analysis,survey research,interviewing,descriptive statistics,statistical inference,multivariate analysis,political research",advanced,JA86 .J64,2020,"Introduction, Empirical Political Science: Research Questions Theory and Hypotheses, Hypotheses Concepts and Variables, Measurement, Research Design and Causal Inference, Sampling, Direct Observation and Document Analysis: Qualitative Methods, Survey Research and Interviewing, Making Sense of Data: First Steps, Statistical Inference, Investigating Relationships Between Two Variables, Multivariate Analysis",available,on the shelf,NWU ERC OPAC
341,Political sciences : a primer,"Moten, Abdul Rashid; Islam, Syed Serajul",Political Science,Introduction to Political Science,"This introductory political science textbook presents fundamental concepts and ideas in political theory, comparative politics, public administration, and international relations. It incorporates both Western and Islamic perspectives and discusses topics such as political institutions, democracy, political ideologies, political parties, elections, civil society, political violence, international relations, and international organizations. The book is designed primarily as an undergraduate course text.","political science,political theory,comparative politics,public administration,international relations,political institutions,state,government,democracy,political ideologies,political parties,elections,public opinion,political violence,revolution,terrorism,civil society,islamic politics,islam and state,malaysia,international organizations",intermediate,JA66 .M685,2011,"Nature and Scope of Political Science, Basic Concepts of Politics, The State and Nation, Political Ideologies, Constitutions and Constitutionalism, Organs of Government, Political Parties and Elections, International Relations and Global Politics",available,on the shelf,NWU ERC OPAC
342,Politics in a changing world : a comparative introduction to political science,"Ethridge, Marcus E.; Handelman, Howard",Political Science,Comparative Politics / Introduction to Political Science,"Politics in a Changing World: A Comparative Introduction to Political Science provides an introduction to political science using a systematic and comparative approach. It examines fundamental political concepts, political behavior, political institutions, selected national political systems, and international relations. The book combines discussions of political science concepts with country studies to help students understand political systems and political behavior in different societies.","political science,comparative politics,comparative government,international relations,political theory,political ideologies,political culture,political behavior,public opinion,elections,political parties,interest groups,legislatures,executive institutions,political leadership,judiciary,bureaucracy,democracy,political systems,u,s,politics,british politics,russian politics,chinese politics,developing nations,indian politics,mexican politics,globalization",intermediate,JA 66 E8 2008,2010,"Politics Ideas and Ideologies, The Modern State, Political Ideologies Left Right and Center, Comparative Political Frameworks, Democratic Regimes and Governance, Authoritarian and Hybrid Regimes, Executive and Legislative Institutions, Judiciaries and Legal Systems, Political Participation Parties and Elections, Interest Groups and Social Movements, Political Economy and Development, Globalization and International Politics, Future Challenges in Global Politics",available,on the shelf,NWU ERC OPAC
343,Principles of political science,"Aruego, Jose M.; Torres, Gloria Aruego",Political Science,Philippine Political Science / Political Theory,Principles of Political Science is a Philippine political science textbook by Jose M. Aruego and Gloria E. Aruego-Torres. The 1981 revised edition provides an introduction to political science with particular relevance to the Philippine political and governmental setting. The work covers fundamental political science concepts and the study of politics and government in the Philippines. The catalog records indicate that the book includes an index.,"political science,philippine political science,philippine politics,philippine government,political theory,state,government,political institutions,political systems,political concepts,political processes,political participation,philippines",intermediate,JC 273 A7 1981,1981,"The Study of Political Science, The State Nature and Elements, Sovereignty and Its Characteristics, The Concept of Nation and Nationality, Forms and Classification of Government, Constitutions and Constitutional Government, The Organs of Government, Citizenship Rights and Duties, Suffrage and Electoral Systems, International Law and Relations",available,on the shelf,NWU ERC OPAC
344,The Discipline of Political Science : From Everyday Narratives to Analysis,"Casambre, Athena Lydia",Political Science,Political Science / Political Science Research and Analysis,"The Discipline of Political Science: From Everyday Narratives to Analysis introduces political science as a discipline of study and knowledge production. The book explains how everyday observations and narratives about politics can be transformed into systematic political analysis through concepts, empirical inquiry, and research. It presents major groups of political science concepts and concludes with an introduction to research as a question-and-answer process for producing knowledge.","political science,political analysis,political concepts,political theory,political research,research methodology,knowledge production,political inquiry,empiricism,political institutions,state,government,power,authority,legitimacy,political behavior,philippine politics,political science education",advanced,JC 273 C3 2017,2017,"Everyday Narratives and Political Science Analysis, Concepts as Building Blocks of Political Inquiry, Power Authority and Legitimacy, The State and Political Institutions, Political Processes and Dynamics, Approaches to the Study of Politics, Connecting Empirical Observation to Theory",available,on the shelf,NWU ERC OPAC
345,The human polity : an introduction to political science,"Lawson, Kay",Political Science,Introduction to Political Science / Comparative Politics,"The Human Polity: An Introduction to Political Science is an introductory political science textbook by Kay Lawson. It examines politics through the concept of the human polity and introduces students to political concepts, political science approaches, political behavior, political institutions, government, international politics, and political change. The 1989 second edition is documented as a 572-page work published by Houghton Mifflin.","political science,political theory,political analysis,human polity,political concepts,power,influence,authority,legitimacy,political institutions,political culture,political participation,political parties,elections,government,legislature,executive,bureaucracy,judiciary,public policy,international relations,political systems,democracy,regime change",intermediate,JA66 .L39,2002,"The Study of Politics and Human Polity, Political Ideologies, The State and Its Citizens, Political Culture and Socialization, Citizen Participation and Public Opinion, Interest Groups and Political Parties, Elections and Voting Behavior, Legislative Bodies and Representation, Executive Leadership and Bureaucracy, The Judiciary and Law, Public Policy and Political Economy, Violence Revolution and Change, International Relations and Global Politics",available,on the shelf,NWU ERC OPAC
346,The Philippine constitution : including political science,"Pasimio, Renato R.",Political Science,Philippine Constitution / Political Science,"The Philippine Constitution: Including Political Science by Renato R. Pasimio is a Philippine textbook combining discussion of the Philippine Constitution with introductory political science. It provides material relevant to the study of constitutional law, Philippine government, political institutions, and fundamental political science concepts. The 2000 edition is identified in bibliographic sources as the 2nd edition, published by National Book Store.","philippine constitution,philippine constitutional law,political science,philippine government,philippine politics,state,government,political institutions,constitutional principles,separation of powers,executive branch,legislative branch,judiciary,constitutional rights,political system,philippine political history",intermediate,KF 5624.1 P3 2000,2000,"Fundamentals of Political Science, Concepts of State and Government, General Principles of Constitutional Law, Preamble and National Territory, Declaration of Principles and State Policies, Bill of Rights, Citizenship and Suffrage, Legislative Department, Executive Department, Judicial Department, Constitutional Commissions, Local Government, Accountability of Public Officers, National Economy and Patrimony, Social Justice and Human Rights, Amendments and Transitory Provisions",available,on the shelf,NWU ERC OPAC
347,Understanding basic concepts in political science,"Valenzuela, Edwin E.",Political Science,Introduction to Political Science / Philippine Political Science,"Understanding Basic Concepts in Political Science by Edwin E. Valenzuela is an introductory Philippine political science textbook covering fundamental concepts, theories, institutions, and processes in political science. It addresses topics such as the nature and scope of political science, the state, government, political ideologies, and local governance. The 2016 second edition was published in Manila by Unlimited Books Library Services & Publishing Inc. and contains 347 pages.","political science,political theory,political concepts,state,government,sovereignty,political institutions,political ideologies,political participation,political parties,local governance,political systems,philippine politics,philippine government,democracy,authority,power,political science in the philippines",intermediate,JA 66 V3 2016,2016,"Nature Definition Theory and Scope of Political Science, Perspectives and Definitions of Politics, The State and Its Essential Elements, Concepts of Power Influence and Authority, Forms and Structures of Government, Constitutions and Governance, Political Ideologies and Theories, Political Methodology and Research Methods, International Relations and Global Governance",available,on the shelf,NWU ERC OPAC
348,Understanding basic concepts in political science : textbook in introduction to political science,"Valenzuela, Edwin E.",Political Science,Introduction to Political Science / Philippine Political Science,"Understanding Basic Concepts in Political Science: Textbook in Introduction to Political Science is an introductory Philippine political science textbook by Edwin E. Valenzuela. It presents fundamental concepts and ideas used in the study of politics and government and is intended as a textbook for introductory political science courses. The MMSU catalog records the 2012 Manila publication by Purely Books Trading & Publishing, with xii, 164 pages and ISBN 978-971-953-388-7.","political science,introduction to political science,political concepts,political theory,state,government,sovereignty,political institutions,political systems,political power,authority,legitimacy,political participation,political ideologies,philippine political science,philippine government",intermediate,JA 66 V3 2012,2012,"Introduction to Political Science: Scope and Methods, The Concept of State, Nation, and Government, Elements of Statehood and Sovereignty, Survey of Political Ideologies, Forms and Structures of Government, Executive, Legislative, and Judicial Branches, Rights, Citizenship, and Political Participation, Electoral Systems and Political Parties, Public Policy and Administration, International Relations and Global Politics",available,on the shelf,NWU ERC OPAC
349,Understanding political science,"Turner, Christian",Political Science,General Political Science / Introductory Textbook,"Understanding Political Science is listed by Appalachian Prints, an imprint of Alexis Press LLC, with Christian Turner identified as the author. Appalachian Prints describes its publications as foundational academic texts intended to simplify fundamental concepts for students and early-stage learners.","political science,introduction to political science,political theory,political institutions,government,state,political systems,political behavior,political participation,political concepts,political analysis",intermediate,JA66 .T87,2024,"Fundamentals of Political Science, Scope and Methodology, Basic Concepts of State and Sovereignty, Forms and Structures of Government, Political Ideologies and Theories, Political Parties and Elections, Public Administration and Policy, International Relations and Global Governance",available,on the shelf,NWU ERC OPAC
350,Greek political theory : Plato and his predecessors,"Barker, Ernest",Political Science,Political Theory / Ancient Greek Political Thought,"Greek Political Theory: Plato and His Predecessors examines the development of Greek political thought from the period before the Sophists through Socrates and the major political works of Plato. It discusses the Greek state, Sophistic political theory, Socrates, Plato's dialogues, The Republic, The Politicus, and The Laws, with particular attention to justice, education, government, law, and political organization. The book is a significant study of Plato within the broader history of ancient Greek political theory.","greek political theory,plato,ancient greek political thought,political philosophy,greek state,sophists,socrates,socratic thought,the republic,the politicus,the laws,justice,political education,political institutions,greek political science,history of political thought",advanced,JC 74 B3 1960,1960,"The Greek State and Its Ideas, The Political Thought of the Pre-Socratics, The Political Thought of the Sophists, Socrates and the Socratic Schools, Plato and the Dialogue, The Earlier Dialogues of Plato, The Republic and Its Theory of Justice, The Republic and Its Political Structure, The Statesman, The Laws and Its Political Theory, The Aftermath of Platonic Political Theory",available,on the shelf,NWU ERC OPAC
351,A history of modern psychology,"Schultz, Duane P.",Psychology,History / General Psychology,"A comprehensive overview tracing the historical development, major theoretical movements, and key figures that shaped modern psychological science.","history of psychology,structuralism,functionalism,behaviorism,psychoanalysis,gestalt,cognitive psychology",intermediate,BF95 .S38,2015,The Study of the History of Psychology; Philosophical Influences on Psychology; Physiological Influences on Psychology; New Psychology; Structuralism; Functionalism; Behaviorism; Gestalt Psychology; Psychoanalysis; Humanistic and Cognitive Psychology,available,on the shelf,NWU ERC OPAC
352,"A psychology of user experience: involvement, affect and aesthetics","Turner, Phil",Psychology,Applied Psychology / UX Design,"An exploration of the psychological mechanisms underlying user experience, focusing on how involvement, emotion (affect), and aesthetics interact in human-technology interaction.","user experience,ux,affect,aesthetics,involvement,human-computer interaction,hci,emotion,cognition",intermediate,QA76.9.H85 T87,2017,Introduction; What is User Experience?; Involvement; Affect and Emotion; Aesthetics; Technology and Experience; Conceptualizing Experience; Researching UX; Applications and Implications; Conclusion,available,on the shelf,NWU ERC OPAC
353,Abnormal child and adolescent psychology,"Wicks-Nelson, Rita",Psychology,Developmental Psychopathology / Child Psychology,"A comprehensive introduction examining the characteristics, etiology, assessment, and treatment of psychological disorders in children and adolescents through a developmental psychopathology perspective.","child psychology,developmental psychopathology,behavioral disorders,adolescent psychology,mental health,diagnosis,treatment",intermediate,RJ503 .W53,2013,"Introduction; The Developmental Psychopathology Perspective; Biological and Environmental Contexts of Psychopathology; Research: Its Role and Methods; Classification, Assessment, and Intervention; Anxiety Disorders; Mood Disorders; Conduct Problems; Attention-Deficit Hyperactivity Disorder; Language and Learning Disabilities; Intellectual Disability; Autism Spectrum Disorder and Schizophrenia; Disorders of Basic Physical Functions; Psychological Factors Affecting Medical Conditions; Evolving Concerns for Youth",available,on the shelf,NWU ERC OPAC
354,Abnormal psychology,"Davison, Gerald C. Neale, John M. Kring, Ann M.",Psychology,Clinical Psychology / Psychopathology,"A foundational textbook exploring the history, paradigms, diagnosis, assessment, and clinical treatments of psychological disorders using an integrative theoretical framework.","abnormal psychology,psychopathology,dsm,assessment,diagnosis,mood disorders,anxiety disorders,schizophrenia,psychotherapy",intermediate,RC454 .D38,2004,Introduction and Historical Overview; Current Paradigms in Psychopathology; Diagnosis and Assessment; Research Methods in Psychopathology; Anxiety Disorders; Somatoform and Dissociative Disorders; Stress and Health; Mood Disorders; Eating Disorders; Substance-Related Disorders; Sexual and Gender Identity Disorders; Schizophrenia; Personality Disorders; Neurodevelopmental Disorders; Legal and Ethical Issues,available,on the shelf,NWU ERC OPAC
355,Abnormal psychology,"Davidson, Gerald C.; Blankstein, Kirk R.; Flett, Gordon L.; Neale, John M.",Psychology,Clinical Psychology / Psychopathology,"A comprehensive Canadian adaptation of the classic textbook that balances clinical practice with empirical research, examining psychopathology through developmental, biological, and socio-cultural perspectives.","abnormal psychology,psychopathology,dsm,assessment,diagnosis,mood disorders,anxiety disorders,canadian perspective",intermediate,RC454 .A26,2010,"Introduction and Historical Overview; Current Paradigms in Psychopathology and Therapy; Clinical Assessment, Classification, and Diagnosis; Research Methods in the Study of Abnormal Psychology; Anxiety Disorders; Somatoform and Dissociative Disorders; Stress and Health; Mood Disorders; Eating Disorders; Substance-Related Disorders; Sexual and Gender Identity Disorders; Personality Disorders; Schizophrenia; Neurodevelopmental Disorders; Aging and Psychological Disorders; Legal and Ethical Issues",available,on the shelf,NWU ERC OPAC
356,Abnormal psychology : an integrative approach,"Barlow, David H.; Durand, V.Mark",Psychology,Clinical Psychology / Psychopathology,"A widely recognized textbook that provides an integrative, multi-dimensional approach to psychopathology, exploring how biological, psychological, social, and cultural factors interact to cause and maintain psychological disorders.","abnormal psychology,integrative approach,psychopathology,dsm,assessment,diagnosis,biological factors,psychological factors,evidence-based treatment",intermediate,RC454 .B37,2018,"Abnormal Behavior in Historical Context; An Integrative Approach to Psychopathology; Clinical Assessment and Diagnosis; Research Methods; Anxiety, Trauma- and Stressor-Related, and Obsessive-Compulsive Disorders; Somatic Symptom and Dissociative Disorders; Mood Disorders and Suicide; Physical Health and Mental Disorders; Eating and Sleep-Wake Disorders; Sexual Dysfunctions, Paraphilic Disorders, and Gender Dysphoria; Substance-Related, Addictive, and Impulse-Control Disorders; Personality Disorders; Schizophrenia Spectrum and Other Psychotic Disorders; Neurodevelopmental Disorders; Neurocognitive Disorders; Mental Health Services: Legal and Ethical Issues",available,on the shelf,NWU ERC OPAC
357,Abnormal psychology : clinical perspectives on psychological disorders,"Halgin, Richard P.; Whitbourne, Susan Krauss",Psychology,Clinical Psychology / Psychopathology,"A student-centered introduction to psychopathology that emphasizes the human experience of psychological disorders, blending clinical case studies, empirical research, and bio-psycho-social perspectives.","abnormal psychology,clinical psychology,case studies,psychopathology,dsm,assessment,diagnosis,bio-psycho-social model,mental health",intermediate,RC454 .H27,2013,"Understanding Abnormal Behavior: Overview of the Field; Diagnosis and Treatment; Assessment; Theoretical Perspectives; Anxiety Disorders; Somatoform Disorders, Dissociative Disorders, and Psychological Factors Affecting Physical Conditions; Mood Disorders; Schizophrenia and Related Disorders; Personality Disorders; Substance-Related Disorders; Sexual and Gender Identity Disorders; Eating Disorders and Impulse-Control Disorders; Development-Related Disorders; Aging-Related and Cognitive Disorders; Ethical and Legal Issues",available,on the shelf,NWU ERC OPAC
358,"Abnormal psychology : experiences, origins, and interventions","Goldstein, Michael Joseph; Baker, Bruce L.; Jamison, Kay R.",Psychology,Clinical Psychology / Psychopathology,"A foundational text that explores psychopathology through individual lived experiences, biological and psychosocial origins, and evidence-based clinical interventions.","abnormal psychology,lived experience,psychopathology,etiology,psychotherapy,interventions,mental disorders,diagnosis",intermediate,RC454 .G65,1986,Perspectives on Abnormal Psychology; Assessment and Diagnosis; Vulnerability and Stress; Anxiety Disorders; Somatoform and Dissociative Disorders; Psychological Factors and Physical Illness; Mood Disorders; Schizophrenia; Personality Disorders; Substance Use Disorders; Sexual Disorders; Disorders of Childhood and Adolescence; Biological Therapies; Psychological Therapies; Prevention and Legal Issues,available,on the shelf,NWU ERC OPAC
359,Abnormal psychology and modern life,"Coleman, James C.",Psychology,Clinical Psychology / Psychopathology,"A classic foundational textbook that explores the nature, causes, diagnosis, and treatment of abnormal behavior, emphasizing the dynamic interplay between psychological, biological, and socio-cultural factors in modern society.","abnormal psychology,psychopathology,mental disorders,adjustment,stress,psychotherapy,clinical assessment,mental health",intermediate,RC454 .C64,1980,Abnormal Behavior in Modern Life; Historical Views of Abnormal Behavior; Personality Development and Adjustment; Causes of Abnormal Behavior; Transient Reactions to Acute Stress; Neuroses; Personality Disorders; Psychosomatic Disorders; Psychoses; Organic Brain Disorders; Mental Retardation; Behavior Disorders of Childhood and Adolescence; Clinical Assessment and Diagnosis; Modern Methods of Therapy; Action for Mental Health,available,on the shelf,NWU ERC OPAC
360,Abnormal psychology and modern life,"Carson, Robert C. Butcher, James N.",Psychology,Clinical Psychology / Psychopathology,"A widely respected textbook examining maladaptive behavior, mental disorders, and modern therapeutic approaches from a comprehensive biopsychosocial perspective.","abnormal psychology,psychopathology,biopsychosocial model,mental disorders,clinical assessment,psychotherapy,stress and adjustment",intermediate,RC454 .C28,1992,"Introductory Perspectives and Historical Roots; Vulnerability, Coping, and Maladaptive Behavior; Clinical Assessment and Diagnosis; Classification and DSM-IV; Panic, Anxiety, and Their Disorders; Mood Disorders and Suicide; Somatoform and Dissociative Disorders; Stress and Physical Health; Eating Disorders; Personality Disorders; Substance-Related Disorders; Sexual Variants and Dysfunctions; Schizophrenia and Other Psychotic Disorders; Cognitive Disorders; Developmental Disorders; Intervention, Treatment, and Legal Issues",available,on the shelf,NWU ERC OPAC
361,Abnormal psychology in context: voices and perspectives,"Kramer, Geoffrey P. ; Shabatay, Virginia, Sattler, David N.",Psychology,Clinical Psychology / Psychopathology,"A collection of first-person accounts, personal narratives, and case studies that illustrate psychological disorders through the lived experiences of individuals, family members, and mental health professionals.","abnormal psychology,lived experience,narratives,case studies,psychopathology,mental health,clinical perspectives,coping",intermediate,RC454 .S397,1998,Anxiety Disorders; Somatoform and Dissociative Disorders; Mood Disorders; Personality Disorders; Substance-Related Disorders; Sexual and Gender Identity Disorders; Schizophrenia and Other Psychotic Disorders; Disorders of Childhood and Adolescence; Health Psychology and Physical Disorders; Legal and Ethical Issues,available,on the shelf,NWU ERC OPAC
362,Activity manual in biological psychology,"Garo-Santiago, May Ann; Della, Constantine; Lajom, Jennifer Ann",Psychology,Biological Psychology / Neuroscience,"A practical laboratory and activity manual designed to reinforce key concepts in biological psychology through hands-on exercises, brain anatomy diagrams, laboratory activities, and experimental applications.","biological psychology,laboratory manual,activities,neuroanatomy,brain structure,nervous system,physiological psychology,hands-on exercises",intermediate,QP360 .G37,2012,Introduction to Biopsychology; Research Methods in Biological Psychology; Anatomy and Organization of the Nervous System; Neurons and Neural Conduction; Sensory Systems and Perception; Motor Control and Movement; Hormones and the Endocrine System; Sleep and Circadian Rhythms; Learning and Memory; Brain Mechanisms of Emotion and Stress,available,on the shelf,NWU ERC OPAC
363,Adolescent psychology : developmental view,"Sprinthall, Norman A. Collins, Andrew W.",Psychology,Developmental Psychology / Adolescent Psychology,"A theoretical and empirical examination of adolescent development, addressing physical growth, cognitive expansion, moral reasoning, identity formation, and social relationships across diverse contexts.","adolescent psychology,youth development,identity formation,puberty,cognitive development,moral development,peer relations,family dynamics",intermediate,BF724 .S67,1998,"Introduction to the Study of Adolescent Development; Physical Growth and Physiological Development; Cognitive Development and Intellectual Growth; Growth of Ego, Identity, and Self-Concept; Moral and Values Development; Family Contexts and Parent-Adolescent Relationships; Peer Relations and Friendship Patterns; Schooling and Educational Contexts; Sexuality and Intimate Relationships; Psychological Disturbances and Behavioral Problems; Transition to Adulthood",available,on the shelf,NWU ERC OPAC
364,Annual editions : psychology 2008/2009 (2009 update),"Duffy, Karen G., ed.",Psychology,General Psychology / Readers & Collections,"An edited collection of curated articles from current public press publications, journals, and periodicals, providing students with accessible perspectives on ongoing research, debates, and trends in contemporary psychology.","psychology,annual editions,current research,general psychology,readings,psychological trends,behavioral science",intermediate,BF149 .A56,2008,Biological Bases of Behavior; Perception and Consciousness; Learning and Memory; Cognitive Processes; Emotion and Motivation; Development; Personality; Social Processes; Psychological Disorders; Psychological Treatments,available,on the shelf,NWU ERC OPAC
365,AP psychology,"Weseley, Allyson J.; McEntarffer, Robert",Psychology,Advanced Placement / Test Preparation,"A comprehensive review manual designed to prepare high school students for the AP Psychology exam, featuring subject area reviews, test-taking strategies, and practice questions.","ap psychology,advanced placement,exam preparation,barron's,study guide,practice tests,test prep",intermediate,BF121 .W47,2018,History and Approaches; Research Methods; Biological Bases of Behavior; Sensation and Perception; States of Consciousness; Learning; Cognition; Motivation and Emotion; Developmental Psychology; Personality; Testing and Individual Differences; Abnormal Psychology; Treatment of Psychological Disorders; Social Psychology,available,on the shelf,NWU ERC OPAC
366,Applied consumer psychology,"Apruebo, Roxel A.",Psychology,Industrial-Organizational Psychology / Consumer Behavior,"A textbook examining the psychological principles behind consumer decision-making, buying behavior, perception, motivation, and the impact of advertising and marketing strategies.","consumer psychology,consumer behavior,marketing,advertising,decision making,buyer motivation,perception,brand attitude",intermediate,HF5415.32 .A67,2005,Introduction to Consumer Psychology; Consumer Decision-Making Process; Individual Determinants of Consumer Behavior; Perception and Sensory Marketing; Consumer Motivation and Emotion; Attitudes and Beliefs; Learning and Memory in Consumption; Social and Cultural Influences; Market Research and Consumer Insights; Ethics in Marketing and Advertising,available,on the shelf,NWU ERC OPAC
367,Applied social psychology,"Savada, Stanley W. ed. ; McCreary, Donald R. ed.",Psychology,Applied Psychology / Social Psychology,"An edited collection exploring how social psychological theories, concepts, and research methods are applied to understand and address real-world social issues, including health, education, law, organizations, and diversity.","applied social psychology,social issues,health psychology,behavior change,social research methods,consumer behavior,mental health,intergroup relations",intermediate,HM251 .A756,1997,"Introduction to Applied Social Psychology; Research Methods in Applied Social Psychology; Health and Health Care; Mental Health and Well-Being; Social Psychology and the Law; Consumer Behavior and Advertising; Organizations and Work Settings; Education and Academic Settings; Environment and Human Behavior; Diversity, Prejudice, and Intergroup Relations",available,on the shelf,NWU ERC OPAC
368,Applying psychology to everyday life : a beginners guide,"Strongman, Kenneth T.",Psychology,Applied Psychology / Self-Help,"An introductory guide showing how core psychological theories, research, and concepts can be directly applied to everyday experiences, personal well-being, relationships, and workplace dynamics.","everyday psychology,applied psychology,human behavior,self-help,communication,stress management,relationships,everyday life",beginner,BF636 .S77,2006,Introduction to Everyday Psychology; Perception and Reality; Emotion and Stress; Thinking and Problem-Solving; Memory in Daily Life; Communication and Relationships; Motivation and Work; Health and Well-Being; Understanding Other People; Applying Psychology to Yourself,available,on the shelf,NWU ERC OPAC
369,Basic psychology,"Gleitman, Henry",Psychology,General Psychology / Introductory Psychology,"A foundational introduction to the scientific study of mind and behavior, offering a clear exploration of perception, learning, cognition, motivation, social behavior, and clinical psychology.","basic psychology,introductory psychology,human behavior,perception,learning,cognition,neuroscience,social psychology",beginner,BF121 .G54,1996,Introduction: The Study of Psychology; Biological Bases of Behavior; Perception; Learning; Memory; Thought and Language; Intelligence; Motivation and Emotion; Personality; Social Psychology; Developmental Psychology; Psychopathology; Treatment of Psychological Disorders,available,on the shelf,NWU ERC OPAC
370,Beyond psychology,"Rauk, Otto",Psychology,Psychological Criminology and Human Behavior,"Beyond Psychology explores the underlying psycho-social, cultural, and ideological forces that drive human motivation, social conflict, and criminal deviance. Authored by psychoanalyst Otto Rank, this foundational text moves beyond traditional individualistic psychoanalysis to examine how collective irrationality, the desire for immortality, guilt, and cultural mythologies shape human aggression, societal norms, and non-conformist behavior.","psychological criminology,otto rank,human behavior,psychoanalysis,social psychology,deviance,collective irrationality,social control,aggression,guilt",advanced,HM 251 R3 1941,1941,"Psychology and Social Psychology, The Individual and Social Irrationality, The Double and the Immortal Soul, The Creation of Personality, The Development of Social Ideology, The Psychology of Social Conflict and Aggression, Sociological and Ideological Factors in Human Behavior, Beyond Individual Psychology",available,on the shelf,NWU ERC OPAC
371,Biological psychology,"Kalat, James W.",Psychology,Psychological Criminology and Human Behavior,"Biological Psychology offers a comprehensive exploration of the biological bases of behavior, neural mechanisms, and physiological processes relevant to understanding human behavior, aggression, and psychological disorders. Authored by James W. Kalat, the textbook examines brain anatomy, neurotransmitters, genetics, sensory and motor systems, emotional regulation, neurological impairments, and the biological factors underlying antisocial behavior and substance abuse.","biological psychology,neuroscience,behavioral genetics,nervous system,brain anatomy,neurotransmitters,emotional regulation,aggression,biological basis of behavior,psychobiology",intermediate,QP 360 K3 2004,2004,"The Major Issues and Anatomy of the Nervous System, Nerve Cells and Nerve Impulses, Synapses and Neurotransmitters, Brain Structure and Research Methods, Development and Plasticity of the Brain, Visual and Sensory Systems, Control of Movement, Wakefulness and Sleep, Internal Regulation and Homeostasis, Biology of Emotion Stress and Aggression, Learning Memory and Cognitive Functions, Psychological Disorders and Biological Bases",available,on the shelf,NWU ERC OPAC
372,Essentials of understanding psychology,"Feldman, Robert S.",Psychology,General Psychology,"Essentials of Understanding Psychology provides an accessible, introductory overview of the fundamental concepts, theories, and empirical research in psychological science. Authored by Robert S. Feldman, this text covers key biological foundations of behavior, sensation and perception, states of consciousness, learning mechanisms, memory, cognition, human development, personality theories, psychological disorders, and social psychology principles relevant to understanding antisocial behavior and criminal psychology.","general psychology,human behavior,learning theories,memory,personality development,psychological disorders,cognitive processes,social psychology,biological basis of behavior,developmental psychology",beginner,BF 121 F4 2005,2005,"Introduction to Psychology and Research Methods, Neuroscience and Behavior, Sensation and Perception, States of Consciousness, Learning and Conditioning, Memory and Cognition, Thinking Language and Intelligence, Human Development across the Lifespan, Motivation and Emotion, Personality Theories and Assessment, Psychological Disorders and Clinical Intervention, Social Psychology and Human Interaction",available,on the shelf,NWU ERC OPAC
373,Biopsychology,"Pinel, John P.",Psychology,Psychological Criminology and Human Behavior,"Biological Psychology offers a comprehensive exploration of the biological bases of behavior, neural mechanisms, and physiological processes relevant to understanding human behavior, aggression, and psychological disorders. Authored by James W. Kalat, the textbook examines brain anatomy, neurotransmitters, genetics, sensory and motor systems, emotional regulation, neurological impairments, and the biological factors underlying antisocial behavior and substance abuse.","biological psychology,neuroscience,behavioral genetics,nervous system,brain anatomy,neurotransmitters,emotional regulation,aggression,biological basis of behavior,psychobiology",intermediate,QP 360 P5 1990,1990,"The Major Issues and Anatomy of the Nervous System, Nerve Cells and Nerve Impulses, Synapses and Neurotransmitters, Brain Structure and Research Methods, Development and Plasticity of the Brain, Visual and Sensory Systems, Control of Movement, Wakefulness and Sleep, Internal Regulation and Homeostasis, Biology of Emotion Stress and Aggression, Learning Memory and Cognitive Functions, Psychological Disorders and Biological Bases",available,on the shelf,NWU ERC OPAC
374,Experimental psychology,"Myers, Anne; Hansen, Christine H.",Psychology,Psychological Criminology and Human Behavior,"Essentials of Understanding Psychology provides an accessible, introductory overview of the fundamental concepts, theories, and empirical research in psychological science. Authored by Robert S. Feldman, this text covers key biological foundations of behavior, sensation and perception, states of consciousness, learning mechanisms, memory, cognition, human development, personality theories, psychological disorders, and social psychology principles relevant to understanding antisocial behavior and criminal psychology.","general psychology,human behavior,learning theories,memory,personality development,psychological disorders,cognitive processes,social psychology,biological basis of behavior,developmental psychology",beginner,BF 181 M9 2002,2002,"Introduction to Psychology and Research Methods, Neuroscience and Behavior, Sensation and Perception, States of Consciousness, Learning and Conditioning, Memory and Cognition, Thinking Language and Intelligence, Human Development across the Lifespan, Motivation and Emotion, Personality Theories and Assessment, Psychological Disorders and Clinical Intervention, Social Psychology and Human Interaction",available,on the shelf,NWU ERC OPAC
375,Carmichael's manual of child psychology: volume 2,"Mussen, Paul H. (Ed.).",Psychology,Developmental Psychology / Child Psychology,"A foundational reference work offering advanced analysis on social, emotional, and personality development in children, featuring landmark contributions from leading developmental psychologists.","child psychology,developmental psychology,child development,paul mussen,leonard carmichael,socialization,personality development",advanced,BF721 .C18,1970,"Socialization, Cognitive Development in Children, Personality Development, Peer Relations, Attachment and Socialization, Emotional Development, Aggression and Moral Development, Moral Character and Conduct, Psychopathology of Childhood, Cultural Factors in Child Development",available,on the shelf,NWU ERC OPAC
376,Case studies in abnormal psychology,"Oltmanns, Thomas F. ; Neale, John M., Davidson, Gerald C.",Psychology,Clinical Psychology / Psychopathology,"Presents detailed clinical case histories illustrating various psychological disorders, providing insight into diagnosis, etiology, treatment, and real-world clinical practice.","abnormal psychology,case studies,psychopathology,mental disorders,clinical diagnosis,psychotherapy,dsm,thomas oltmanns",intermediate,RC465 .O47,2019,"Obsessive-Compulsive Disorder, Major Depressive Disorder, Bipolar Disorder, Schizophrenia, Panic Disorder and Agoraphobia, Generalized Anxiety Disorder, Social Anxiety Disorder, Posttraumatic Stress Disorder, Anorexia Nervosa, Bulimia Nervosa, Substance Use Disorder, Borderline Personality Disorder, Antisocial Personality Disorder, Autism Spectrum Disorder, Intellectual Disability",available,on the shelf,NWU ERC OPAC
377,Casebook of research in educational psychology,"Pressey, Sidney L., Janney, J. Elliot, ed.",Psychology,Educational Psychology / Learning & Instruction,"A historical collection of foundational empirical studies and case analyses examining learning processes, student motivation, individual differences, and instructional methods in educational settings.","educational psychology,learning theory,educational research,case studies,sidney pressey,classroom instruction,individual differences",advanced,LB1051 .P68,1937,"The Physical and Social Development of the Child, Individual Differences and Their Measurement, The Learning Process, Motivation and Emotion in Learning, Transfer of Training, Intellectual Growth and Intelligence Testing, Personality Adjustment and Mental Hygiene, Measurement and Evaluation of Achievement, Educational Guidance and Teaching Methods",available,on the shelf,NWU ERC OPAC
378,Centering and the art of intimacy handbook : a new psychology of close relationships,"Hendricks, Gay ; Hendricks, Kathleen",Psychology,Relationship Psychology / Self-Help,"Offers practical tools and exercises designed to help couples foster emotional connection, overcome communication barriers, and cultivate personal centering within intimate relationships.","intimacy,centering,relationships,marriage,communication,gay hendricks,kathlyn hendricks,self-help",beginner,HQ801 .H45,1993,"Introduction to Centering, The Psychology of Intimacy, Identifying Relationship Patterns, The Art of Emotional Presence, Mindful Communication Techniques, Resolving Conflict Safely, Cultivating Passion and Commitment, Daily Practices for Intimate Connection",available,on the shelf,NWU ERC OPAC
379,Child psychology,"Rogers, Dorothy",Psychology,Developmental Psychology / Child Psychology,"Provides a thorough study of child growth and behavior from the prenatal stage through middle childhood, detailing cognitive, emotional, social, and physical development.","child psychology,developmental stages,child behavior,cognitive development,socialization,dorothy rogers",intermediate,BF721 .R58,1969,"Foundations of Child Psychology, Biological and Prenatal Factors, Infant Development, Motor and Physical Growth, Intellectual and Language Development, Emotional Growth and Expression, Social Behavior and Relationships, Personality Development, Moral and Values Development, The Child in the Modern World",available,on the shelf,NWU ERC OPAC
380,Child psychology : a contemporary viewpoint,"Parke, Ross D.; Gauvain, Mary",Psychology,Child Psychology / Developmental Psychology,"Child Psychology: A Contemporary Viewpoint provides a comprehensive introduction to child development using multiple theoretical perspectives. It examines children's development from biological and prenatal influences through infancy, childhood, social relationships, cognition, language, emotional development, morality, and psychological disorders. The seventh edition uses a topical organization while emphasizing the connections among developmental processes and the chronological development of children.","child psychology,child development,developmental psychology,developmental theories,research methods,heredity,environment,prenatal development,infancy,physical development,motor development,emotional development,attachment,language development,cognitive development,piaget,vygotsky,intelligence,achievement,family,peers,friendship,gender development,morality,altruism,aggression,developmental psychopathology",intermediate,BF 721 P3,2009,"Child Development Themes Theories and Methods, Heredity and the Environment, Prenatal Development and Birth, The Infants Sensory and Perceptual Capacities, The Childs Growth Brain Body Motor Skills and Sexual Maturation, Emotional Development and Attachment, Language and Communication, Cognitive Development Piaget and Vygotsky, Cognitive Development Information-Processing Approach, Intelligence and Achievement, The Family, Peers, Schools and Media, Self and Identity, Sex Roles and Gender Differences, Moral Development and Aggression",available,on the shelf,NWU ERC OPAC
381,Clashing views on abnormal psychology : a taking sides customs readers,"Nolen-Hocksema, Susan",Psychology,Clinical Psychology / Abnormal Psychology Reader,"A issue-oriented reader presenting opposing viewpoints on critical, controversial debates in clinical and abnormal psychology, including diagnostic practices, theoretical models, treatment efficacy, biological influences, and legal/ethical dimensions of mental health.","abnormal psychology,mental illness,diagnostic categories,dsm,theoretical models,psychotherapy,psychopharmacology,legal and ethical issues,susan nolen-hoeksema",intermediate,RC458 .C57,2008,"Is the DSM-IV System Culturally and Scientifically Valid, Are Mental Disorders Primarily Biological, Should Psychologists Be Granted Prescription Privileges, Does ADHD Represent a Real Medical Condition, Are Antidepressants Effective for Mild to Moderate Depression, Should Electroconvulsive Therapy Be Restricted, Is Dissociative Identity Disorder a Valid Diagnosis, Are Recovered Memories of Abuse Reliable, Is Psychopathy Treatable, Should Involuntary Commitment Be Maintained",available,on the shelf,NWU ERC OPAC
382,Cliffs rapid revicius: psychology,"Jacobs, David W.",Psychology,General Psychology / Test Preparation & Study Guide,"A concise study guide and review text offering streamlined summaries, key definitions, and sample exam questions covering major topic areas in introductory psychology for rapid revision and exam preparation.","psychology review,test preparation,study guide,general psychology,behavioral sciences,exam review,david w,jacobs",beginner,BF121 .J33,1975,"Introduction to Psychology and Research Methods, Biological Bases of Behavior, Sensation and Perception, States of Consciousness, Learning and Conditioning, Memory and Cognition, Intelligence and Testing, Human Development, Motivation and Emotion, Personality Theories, Psychological Disorders, Therapies and Treatment, Social Psychology",available,on the shelf,NWU ERC OPAC
383,Clinical psychology and people with intellectual disabilities,"Emerson, Eric ...[et al.].",Psychology,Clinical Psychology / Intellectual & Developmental Disabilities,"A practical, evidence-based text designed for trainee and practicing clinical psychologists, examining clinical assessment, psychological interventions, service provision, and systemic support frameworks for working with individuals with intellectual disabilities.","clinical psychology,intellectual disabilities,learning disabilities,assessment,behavioral interventions,cognitive behavior therapy,autism,social context,eric emerson",advanced,RC451.4.M47,2012,"Working Professionally, The Social Context of Learning Disabilities, Assessment and Formulation, Interventions and Support, Working with Challenging Behavior, Working with Offenders, Sexual Exploitation and Vulnerability, Working with Parents with Intellectual Disabilities, Supporting Aging and Mental Health Needs",available,on the shelf,NWU ERC OPAC
384,Cognitive psychology,"Sternberg, Robert J.",Psychology,Cognitive Psychology Textbook,"A foundational, research-based introduction to cognitive psychology that explores how the human mind perceives, remembers, reasons, and solves problems, blending theoretical models, neuroscientific evidence, and real-world applications.","cognitive psychology,human memory,perception,language processing,problem solving,decision making,human intelligence,cognitive neuroscience,information processing,robert sternberg",intermediate,BF201 .S73,2012,"Introduction to Cognitive Psychology, Cognitive Neuroscience, Perception, Attention and Consciousness, Memory Models and Research Methods, Memory Processes, Knowledge Representation Images and Maps, Knowledge Representation Propositions and Schemas, Language Structure and Acquisition, Language in Context, Problem Solving and Creativity, Decision Making and Reasoning, Human and Artificial Intelligence",available,on the shelf,NWU ERC OPAC
385,Cognitive psychology,"Neisser, Ulric",Psychology,Cognitive Psychology / Foundational Classic,"The foundational landmark text that formally named and defined cognitive psychology as a distinct discipline, presenting an information-processing paradigm to analyze how sensory input is transformed, reduced, elaborated, stored, recovered, and used.","cognitive psychology,information processing,visual perception,iconic memory,auditory perception,echoic memory,attention,pattern recognition,memory systems,thought and language,ulric neisser",advanced,BF311 .N4,1967,"The Cognitive Approach, Visual Perception, Iconic Memory and Visual Search, Pattern Recognition, Focal Attention and Figural Synthesis, Auditory Perception, Speech Perception, Echoic Memory and Active Verbal Memory, Storage and Retrieval in Memory, Sentences and Concepts, Thought and Cognition",available,on the shelf,NWU ERC OPAC
386,Cognitive psychology in and out of the laboratory,"Galotti, Kathleen M.",Psychology,Cognitive Psychology Textbook,"An engaging textbook that balances rigorous, controlled laboratory-based cognitive research with practical, everyday, real-world applications, exploring memory, perception, decision-making, and individual differences in cognitive styles across the lifespan.","cognitive psychology,everyday cognition,laboratory research,memory,perception,decision making,problem solving,cognitive development,cross-cultural cognition,kathleen galotti",intermediate,BF201 .G35,2018,"Cognitive Psychology History Methods and Paradigms, The Brain and Cognition, Perception and Pattern Recognition, Attention, Working Memory, Long-Term Memory, Knowledge Representation, Visual Imagery and Spatial Cognition, Language, Problem Solving, Reasoning, Decision Making, Cognitive Development Through the Lifespan, Individual Differences in Cognition, Cross-Cultural Perspectives on Cognition",available,on the shelf,NWU ERC OPAC
387,College psychology,"Brown, Warner",Psychology,General Psychology / Introductory Textbook,"A mid-20th-century introductory textbook written for college students, presenting foundational principles of scientific psychology, sensory processes, learning mechanisms, individual differences, and behavioral adaptation.","college psychology,general psychology,behavior,learning and memory,sensory processes,individual differences,warner brown,howard gilhousen",beginner,BF121 .B76,1949,"The Science of Psychology, Biological Foundations of Behavior, Sensory Processes and Perception, Learning and Conditioning, Memory and Retention, Thinking and Problem Solving, Motivation and Emotion, Individual Differences and Intelligence, Personality and Adjustment, Social Behavior",available,on the shelf,NWU ERC OPAC
388,Contemporary issues in educational psychology,"Clarizio, Harvey F. ; Mehrens, William A. ; Hapkiewicz, Walter G.",Psychology,Educational Psychology / Contemporary Reader,"An edited collection of readings and essays designed to address key debates, theoretical perspectives, and practical controversies in educational psychology, including classroom management, standardized testing, student motivation, learning theories, and school reform.","educational psychology,learning theories,classroom management,educational testing,student motivation,special education,individual differences,school accountability,harvey clarizio",intermediate,LB1051 .C56,1987,"Issues in Development and Learning, Cognitive Theories vs Behavioral Theories, Motivation and Student Achievement, Classroom Management and Discipline, Measuring and Evaluating Student Performance, Intelligence and Aptitude Testing, Educating Exceptional Children, Social and Cultural Factors in Education, Contemporary Challenges in Schooling",available,on the shelf,NWU ERC OPAC
389,Contemporary readings in general psychology,"Daniel, Robert S.",Psychology,General Psychology / Reader & Supplementary Sourcebook,"A curated anthology of foundational and classic readings from early-to-mid 20th-century psychological literature, providing primary source excerpts across core subfields including sensory processes, learning theories, motivation, personality, and social behavior.","general psychology,primary sources,psychological research,behavior,learning and memory,motivation and emotion,biological psychology,robert s,daniel",beginner,BF121 .D36,1959,"The Science and Methods of Psychology, Biological Foundations of Behavior, Sensation and Perception, States of Awareness, Conditioning and Learning Theories, Human Memory and Cognition, Motivation and Emotion, Individual Differences and Intelligence, Personality Dynamics, Abnormal Psychology and Treatment, Social Psychological Processes",available,on the shelf,NWU ERC OPAC
390,Contemporary research in social psychology: a book of readings,"Lindgren, Henry Clay Ed.",Psychology,Social Psychology / Reader & Research Anthology,"A curated collection of seminal empirical studies and theoretical articles that highlight key research trends in mid-20th-century social psychology, exploring interpersonal attraction, social influence, group dynamics, attitudes, prejudice, and social perception.","social psychology,social influence,group dynamics,attitude change,interpersonal relations,conformity,prejudice and stereotypes,social perception,empirical research,henry clay lindgren",intermediate,HM251 .L54,1973,"Social Perception and Person Cognition, Attitude Formation and Change, Conformity and Social Influence, Group Structure and Process, Leadership and Group Performance, Interpersonal Attraction and Affiliation, Aggression and Social Behavior, Prejudice and Discrimination, Cross-Cultural Social Psychology",available,on the shelf,NWU ERC OPAC
391,Counseling psychology in the Philippines,"Salazar-Clemena, Rose Marie",Psychology,Counseling Psychology / Philippine Psychology,"A seminal Philippine text that outlines the historical evolution, professionalization, theoretical frameworks, and practical applications of counseling psychology in the Philippines, emphasizing indigenous perspectives, culturally responsive interventions, counselor education, and research trends within the Filipino sociocultural context.","counseling psychology,guidance and counseling,philippine context,sikolohiyang pilipino,indigenous counseling,counselor training,psychotherapy,educational counseling,rose marie salazar-clemena",intermediate,BF637.C6 S25,1993,"Historical Roots and Evolution of Guidance and Counseling in the Philippines, The Identity and Roles of the Filipino Counseling Psychologist, Cultural and Indigenous Considerations in Philippine Counseling, Theoretical Approaches and Adaptation in Local Settings, Assessment and Testing in Counseling Practice, Career and Academic Counseling Frameworks, Counseling Supervision and Counselor Education, Research Trends and Future Directions in Philippine Counseling Psychology",available,on the shelf,NWU ERC OPAC
392,Current perspective in social psychology,"Hollander, Edwin R. ed. ; Hunt, Raymund G. ed.",Psychology,Social Psychology / Reader & Anthology,"A classic collection of foundational articles and empirical studies accompanied by introductory commentaries, covering main concepts in social psychology including personality and group interaction, attitude structure and change, social perception, leadership, and collective behavior.","social psychology,social perception,attitudes,group dynamics,leadership,socialization,interpersonal behavior,edwin hollander,raymond hunt",intermediate,HM251 .H58,1976,"Introduction to Social Psychology, Socialization and Culture, Social Perception and Person Cognition, Attitude Structure and Change, Interpersonal Processes and Relations, Group Structure and Dynamics, Leadership and Influence Processes, Collective Behavior and Social Change",available,on the shelf,NWU ERC OPAC
393,Developmental psychology,"Shaffer, David R.",Psychology,Developmental Psychology Textbook,"A widely respected, chronologically and topically organized textbook that details human growth and development from conception through adolescence, balancing major theoretical perspectives with empirical research and practical applications.","developmental psychology,human development,prenatal development,cognitive development,socialization,language acquisition,moral development,emotional development,david shaffer,katherine kipp",intermediate,BF721 .S53,2014,"Introduction to Developmental Psychology and Its Research Strategies, Theories of Human Development, Heredity Environment and Human Development, Prenatal Development and Birth, Physical Development, Sensory Perceptual and Motor Development, Cognitive Development Piaget Vygotsky and Information Processing, Intelligence and Mental Abilities, Language and Communication, Emotional Development Attachment and Self, Gender Roles and Sex Differences, Socialization and Moral Development, The Family, Peers Schools and Technology",available,on the shelf,NWU ERC OPAC
394,Developmental psychology,"Coroña, Ryan B.; Pinugu, Jasmine Nadja J.; Lambojon, Francisco M., Jr.; Bardquillo, Elsie Rita O.",Psychology,Developmental Psychology / Philippine Textbook,"A local higher-education textbook designed for Filipino psychology students, exploring human growth and development across the lifespan—from conception to old age—while integrating classic developmental theories with local cultural contexts, applications, and licensing exam coverage.","developmental psychology,lifespan development,child and adolescent development,philippine psychology,cognitive development,socialization,sikolohiyang pilipino,biological bases of development",intermediate,BF713 .C67,2018,"Introduction to Developmental Psychology and Human Development, Biological Foundations of Development and Prenatal Stage, Physical and Motor Development Across the Lifespan, Cognitive Development Theories, Emotional and Personality Development, Social and Moral Development, Language Development, Family Peers and Ecological Contexts, Adulthood Aging and End-of-Life Processes",available,on the shelf,NWU ERC OPAC
395,Developmental psychology : childhood and adolescence,"Shaffer, David R.",Psychology,Developmental Psychology Textbook,"A comprehensive, widely cited developmental psychology text examining physical, cognitive, emotional, and social development from conception through adolescence, balancing theoretical perspectives with empirical research and real-world applications.","developmental psychology,childhood development,adolescence,cognitive development,socialization,language acquisition,attachment,moral development,david shaffer,katherine kipp",intermediate,BF721 .S53,2017,"Introduction to Developmental Psychology and Research Strategies, Theories of Human Development, Heredity Environment and Human Development, Prenatal Development and Birth, Physical Development and Motor Skills, Sensory and Perceptual Development, Cognitive Development Piaget Vygotsky and Information-Processing, Intelligence and Mental Assessment, Language and Communication Skills, Emotional Development and Attachment, Self and Social Cognition, Gender-Role Development and Differences, Moral Development and Altruism, The Contexts of Socialization Family Peers Schools and Media",available,on the shelf,NWU ERC OPAC
396,Developmental psychology : growth and development with parenting by Filipino values,"Evangelista, Lourdes L.",Psychology,Developmental Psychology / Philippine Psychology,"A local higher-education textbook and practical guide that explores human growth and development across the lifespan, uniquely contextualizing psychological principles with traditional Filipino family values, child-rearing practices, and parenting styles.","developmental psychology,human growth and development,parenting styles,filipino values,child-rearing practices,sikolohiyang pilipino,lifespan development,family dynamics,lourdes evangelista",intermediate,BF713 .E93,2007,"Fundamentals of Developmental Psychology, Biological and Environmental Foundations of Development, Development in Infancy and Toddlerhood, Early Childhood Growth and Cognitive Milestones, Middle and Late Childhood Dynamics, Parenting Styles and Traditional Filipino Values, Adolescent Development and Identity Formation, Adulthood and Family Life Transitions, Aging, Old Age, and End-of-Life Perspectives",available,on the shelf,NWU ERC OPAC
397,Elements of psychology,"Krech, David",Psychology,General Psychology / Introductory Textbook,"A landmark, comprehensive introductory textbook mid-century through the late 20th century, notable for its integration of biological mechanisms, cognitive processes, social interactions, and personality theory in understanding human behavior.","general psychology,brain and behavior,sensation and perception,learning and conditioning,cognitive processes,motivation and emotion,personality dynamics,social psychology,david krech,richard crutchfield",beginner,BF121 .K73,1982,"The Science of Psychology, Genetic and Neural Foundations of Behavior, Sensation and Perceptual Organization, Conditioning and Learning Principles, Memory and Cognitive Processes, Drive Motivation and Emotion, Language Thought and Problem Solving, Individual Differences and Intelligence, Personality Assessment and Dynamics, Psychopathology and Psychotherapy, Social Perception and Interpersonal Behavior",available,on the shelf,NWU ERC OPAC
398,Essentials of understanding psychology,"Feldman, Robert S.",Psychology,General Psychology / Introductory Textbook,"A widely adopted modular introductory textbook that connects fundamental psychological concepts to students' everyday lives, utilizing structured learning frameworks to cover neuroscience, cognition, development, personality, disorders, and social behavior.","general psychology,neuroscience,cognition,memory,human development,personality theories,psychological disorders,psychotherapy,social psychology,robert s,feldman",beginner,BF121 .F34,2019,"Introduction to Psychology, Neuroscience and Behavior, Sensation and Perception, States of Consciousness, Learning, Memory, Cognition and Language, Intelligence, Motivation and Emotion, Development, Personality, Health Psychology Stress and Coping, Psychological Disorders, Treatment of Psychological Disorders, Social Psychology",available,on the shelf,NWU ERC OPAC
399,Experimental foundation of general psychology,"Valentine, William L.",Psychology,Experimental Psychology / General Psychology Sourcebook,"A classic mid-20th-century compilation of seminal laboratory experiments, designed to introduce students to the empirical foundations of psychology through direct accounts and analyses of classic studies in sensory processes, learning, memory, and individual behavior.","experimental psychology,general psychology,laboratory research,sensory processes,conditioning and learning,memory studies,individual differences,empirical methods,willard l,valentine",beginner,BF181 .V3,1938,"The Experimental Method in Psychology, Sensory Processes and Vision, Auditory and Cutaneous Sensitivity, Reflexes and Conditioning Mechanisms, Animal Learning and Behavior, Human Learning and Habit Formation, Memory and Retention Dynamics, Attention and Reaction Time, Emotion and Physiological Responses, Individual Differences and Psychological Testing",available,on the shelf,NWU ERC OPAC
400,Field methods in psychology,"Dy, Gary C.; Go-Monilla, Ma. Joycelyn A.; Go-Monilla, Peter R.; Ramirez, Normaliza C.",Psychology,Research Methods / Psychological Methodology / Philippine Textbook,"A practical higher-education textbook designed to guide psychology students through the principles and applications of field research, covering qualitative, quantitative, observational, and technological approaches within community and naturalistic settings.","field methods,research methodology,qualitative research,quantitative research,naturalistic observation,ethnography,psychological assessment,data collection,fieldwork,gary dy",intermediate,BF 76.5 .F54,2024,"Introduction to Field Methods, Ethics of Research, Quantitative and Qualitative Research, Observation Interviews and Surveys, Phenomenology and Case Study, Secondary Data Analysis and Archival Research, Content Analysis and Meta-Analysis, Experimental Research, Computer Simulation Modeling and Neuroimaging, Writing Research Reports",available,on the shelf,NWU ERC OPAC
